;vocab_male;vocab_male_count;vocab_female;vocab_female_count
0;time;666;time;206
1;man;609;jack;178
2;way;553;something;178
3;something;474;way;174
4;jack;437;look;155
5;look;388;man;136
6;thing;347;life;119
7;day;335;night;110
8;world;304;day;109
9;let;298;thing;100
10;life;293;home;94
11;get;279;hand;84
12;hey;274;get;84
13;gonna;254;nothing;83
14;thor;251;let;83
15;nothing;244;everything;80
16;hand;225;face;79
17;yeah;222;world;78
18;face;221;room;72
19;help;216;work;72
20;john;209;please;72
21;work;207;serendipity;72
22;home;204;anything;71
23;place;202;ravenna;68
24;hell;201;jane;66
25;night;197;help;66
26;mr;193;god;64
27;anything;191;thor;64
28;head;187;see;62
29;guy;185;place;61
30;someone;177;someone;61
31;everything;176;sorry;59
32;see;173;name;57
33;sir;165;moment;57
34;tell;164;tell;56
35;jay;163;kind;56
36;please;161;need;55
37;woody;159;love;53
38;paul;159;head;52
39;script;159;hey;52
40;name;156;mission;51
41;room;155;yeah;50
42;job;154;princess;50
43;kind;147;perseus;50
44;sorry;146;woman;49
45;doug;141;everyone;49
46;air;141;john;48
47;course;140;gonna;48
48;call;140;father;47
49;door;139;heart;47
50;everyone;138;girl;47
51;idea;137;sword;46
52;water;136;guy;45
53;moment;134;wait;45
54;ship;133;job;44
55;need;132;talk;44
56;fire;131;sir;44
57;talk;131;ground;41
58;body;131;door;41
59;wait;129;okay;41
60;car;126;number;41
61;lot;126;part;40
62;okay;125;side;39
63;son;123;water;39
64;problem;120;space;39
65;power;119;family;39
66;ground;116;idea;39
67;family;116;houston;39
68;god;114;baby;38
69;friend;112;stop;38
70;town;112;int;37
71;house;108;stone;37
72;mind;107;mr;36
73;space;105;car;36
74;gotta;105;house;36
75;war;104;story;36
76;line;103;earth;35
77;anyone;103;cont;35
78;money;103;copy;35
79;voice;102;mom;35
80;kay;102;watch;34
81;father;101;war;34
82;part;101;town;34
83;care;100;today;34
84;think;99;care;34
85;dad;98;power;34
86;cont;96;course;33
87;stop;96;call;32
88;girl;94;president;32
89;earth;94;script;32
90;master;93;ha;32
91;dudley;93;thank;31
92;dream;93;lot;31
93;right;91;johnny;31
94;guess;91;ship;30
95;try;91;v;30
96;side;90;hell;30
97;graham;90;victoria;29
98;mission;89;oh;29
99;thank;88;guess;29
100;end;88;dad;29
101;move;87;matter;28
102;boy;85;think;28
103;heart;83;blood;28
104;tomorrow;82;money;28
105;morning;82;eye;28
106;road;82;line;28
107;today;82;floor;27
108;control;81;boy;27
109;planet;81;tomorrow;27
110;woman;81;anyone;27
111;wife;79;case;27
112;word;78;arm;27
113;president;78;shrek;27
114;kid;78;mind;26
115;floor;77;air;26
116;eye;77;son;26
117;point;77;half;26
118;death;76;friend;26
119;business;76;body;26
120;matter;75;daughter;25
121;phone;75;mean;25
122;mater;75;mother;25
123;year;74;bubbleship;25
124;damn;74;creature;25
125;watch;74;master;25
126;truck;73;william;25
127;security;73;show;24
128;huh;73;te;24
129;book;73;understand;24
130;chance;72;move;24
131;ruth;72;eat;24
132;story;72;end;23
133;kill;71;trust;23
134;city;70;voice;23
135;mean;70;peshet;23
136;show;70;right;23
137;loki;70;word;23
138;henri;69;doctor;23
139;everybody;68;tower;23
140;screening;67;finn;23
141;bob;66;tiamat;23
142;agent;66;fire;23
143;street;66;planet;23
144;ice;66;use;23
145;v;66;paul;23
146;number;65;screening;22
147;stay;65;city;22
148;captain;65;try;22
149;mom;65;hair;22
150;school;65;problem;22
151;storm;65;piece;22
152;jane;64;daddy;21
153;jesus;64;morning;21
154;minute;63;brother;21
155;baby;63;phone;20
156;int;62;death;20
157;half;62;business;20
158;somebody;62;wife;20
159;computer;62;tet;20
160;shrek;62;hurry;20
161;use;62;feel;20
162;plan;61;zeus;20
163;blood;61;flight;20
164;hello;60;dr;20
165;ass;60;nobody;20
166;party;60;group;20
167;peter;60;sky;20
168;scout;60;book;20
169;oh;60;stay;20
170;professor;59;julia;19
171;step;59;beauty;19
172;whoa;59;die;19
173;nobody;59;year;19
174;gun;58;gotta;19
175;figure;58;come;19
176;love;57;road;19
177;meet;57;station;19
178;force;57;mirror;19
179;rv;56;site;19
180;eat;56;guard;19
181;radio;56;chance;19
182;feel;56;ruth;18
183;cause;55;news;18
184;deal;55;dance;18
185;case;55;horse;18
186;trip;55;field;18
187;question;55;hour;18
188;team;54;uh;18
189;sam;54;structure;18
190;start;54;land;18
191;system;54;race;18
192;trouble;54;control;18
193;drone;54;lord;17
194;mother;54;mu;17
195;memory;54;david;17
196;energy;54;board;17
197;bishop;54;music;17
198;hole;53;trouble;17
199;race;53;gun;17
200;order;53;agent;17
201;bridge;53;sound;17
202;arm;53;food;17
203;attention;53;plan;17
204;machine;52;point;17
205;food;52;hello;17
206;shit;52;meet;17
207;trust;52;shut;17
208;week;52;jesus;17
209;bond;52;system;17
210;sit;52;wall;17
211;hope;51;woody;16
212;battle;51;captain;16
213;fuel;51;sarah;16
214;die;51;distance;16
215;shoot;51;palace;16
216;come;51;team;16
217;princess;50;everybody;16
218;bit;50;figure;16
219;beat;50;drop;16
220;hold;49;mrs;16
221;uh;49;mark;16
222;tv;49;kill;16
223;company;49;jake;16
224;excuse;49;mon;16
225;group;49;mine;16
226;doctor;49;cut;16
227;field;49;silence;16
228;perseus;49;victor;16
229;take;48;cause;16
230;gold;48;bai;16
231;government;48;beat;16
232;zoil;48;andromeda;16
233;news;48;rescue;15
234;ward;47;street;15
235;brother;47;donkey;15
236;station;46;form;15
237;truth;46;date;15
238;stuff;46;take;15
239;understand;46;husband;15
240;ha;46;seat;15
241;rest;45;boat;15
242;person;45;suv;15
243;fact;45;castle;15
244;fight;45;storm;15
245;sword;45;mountain;15
246;seat;45;step;15
247;finn;45;start;15
248;check;45;stuff;15
249;suit;44;li;15
250;mrs;44;center;15
251;parker;44;worker;15
252;bar;44;hate;14
253;gas;44;school;14
254;ray;44;zoil;14
255;picture;44;shoot;14
256;glass;43;answer;14
257;plane;43;order;14
258;sea;43;metal;14
259;bifrost;43;dog;14
260;frost;43;bar;14
261;report;43;child;14
262;catch;43;mater;14
263;spider;42;fox;14
264;bubbleship;42;battle;14
265;sarah;42;chair;14
266;drop;42;memory;14
267;game;42;dinner;14
268;mine;42;huh;14
269;wall;42;equipment;14
270;promise;42;breath;14
271;cover;41;chamber;14
272;bring;41;peter;14
273;office;41;excuse;14
274;change;41;somebody;14
275;heard;41;week;14
276;area;41;attention;14
277;army;41;suit;14
278;mark;41;sit;14
279;cut;41;front;14
280;judge;41;darcy;14
281;information;40;star;14
282;camera;40;army;13
283;honey;40;coffee;13
284;share;40;break;13
285;fun;40;highness;13
286;breath;39;report;13
287;board;39;choice;13
288;yaz;39;duke;13
289;none;39;ruby;13
290;hour;39;dark;13
291;mouth;38;dagger;13
292;boat;38;area;13
293;sand;38;clock;13
294;base;38;find;13
295;thought;38;cell;13
296;christ;38;sea;13
297;c;38;person;13
298;leader;38;hammond;13
299;music;37;selvig;13
300;sense;37;light;13
301;command;37;tonight;13
302;hang;37;view;13
303;history;37;state;13
304;ride;37;penny;13
305;shot;37;party;13
306;guard;37;thought;13
307;hate;37;command;13
308;anybody;37;government;13
309;country;36;hi;13
310;sky;36;martin;13
311;play;36;faerie;12
312;bird;36;anastasia;12
313;reason;36;mouth;12
314;science;36;radio;12
315;grabs;36;security;12
316;hair;36;deal;12
317;christmas;36;fight;12
318;turn;36;hear;12
319;wanna;36;minute;12
320;choice;35;hall;12
321;pull;35;drive;12
322;wow;35;screen;12
323;bitch;35;wake;12
324;shield;35;stand;12
325;rock;35;graham;12
326;pay;35;fall;12
327;mon;35;grabs;12
328;alright;35;plane;12
329;center;35;yu;12
330;beer;35;robbie;12
331;percent;35;marriage;12
332;service;34;village;12
333;jim;34;fleet;12
334;land;34;edge;12
335;daughter;34;play;12
336;brain;34;gru;12
337;building;34;exchange;12
338;run;34;farm;12
339;silence;34;hope;12
340;ben;34;c;12
341;paranorman;34;bishop;12
342;sound;34;position;12
343;selvig;34;leader;12
344;weapon;34;throne;12
345;level;34;turn;11
346;engine;34;bridge;11
347;sign;33;camp;11
348;ah;33;loki;11
349;worry;33;judge;11
350;foot;33;shit;11
351;state;33;heard;11
352;rachel;33;map;11
353;pain;33;cobb;11
354;wake;33;wudan;11
355;flight;33;sam;11
356;want;32;saw;11
357;victoria;32;pain;11
358;pass;32;pay;11
359;site;32;rest;11
360;heimdall;32;touch;11
361;coffee;32;image;11
362;surface;32;forget;11
363;hi;32;information;11
364;norman;32;bloom;11
365;giant;32;ask;11
366;bull;32;king;11
367;pilot;32;cover;11
368;emergency;31;jade;11
369;couple;31;damn;11
370;window;31;fiona;11
371;bug;31;bit;11
372;blow;31;question;11
373;return;31;desert;11
374;z;31;ryan;11
375;goddamn;30;truth;11
376;lady;30;matt;11
377;mitch;30;truck;11
378;cell;30;courtyard;11
379;front;30;fault;11
380;monster;30;know;11
381;island;30;press;11
382;mountain;30;percent;11
383;position;30;monster;10
384;hear;30;specialist;10
385;light;30;hold;10
386;tonight;29;want;10
387;speak;29;scout;10
388;hall;29;wind;10
389;commander;29;cassiopeia;10
390;shoulder;29;dawn;10
391;robbie;29;magnus;10
392;moon;29;hammer;10
393;spot;28;science;10
394;date;28;make;10
395;dark;28;crowd;10
396;smile;28;ice;10
397;volstagg;28;round;10
398;ask;28;change;10
399;luck;28;dmitri;10
400;dog;28;cannot;10
401;make;28;engine;10
402;fall;28;status;10
403;tunnel;28;lady;10
404;charge;28;ah;10
405;coulson;28;pass;10
406;peace;28;sun;10
407;walk;28;dream;10
408;smith;28;marry;10
409;press;28;energy;10
410;wind;27;research;10
411;saw;27;base;10
412;drive;27;fun;10
413;ball;27;couple;10
414;bike;27;wanna;10
415;mistake;27;camera;10
416;test;27;z;10
417;size;27;peace;10
418;cannot;27;jason;10
419;hurry;27;gabriel;10
420;alvin;27;text;10
421;jump;27;walk;10
422;piece;27;surface;10
423;corner;27;huntsman;10
424;park;27;sister;10
425;hit;27;promise;10
426;village;27;support;10
427;block;27;path;9
428;situation;26;hurt;9
429;creature;26;hole;9
430;paper;26;risk;9
431;odin;26;damage;9
432;distance;26;machine;9
433;courtney;26;shirt;9
434;code;26;deck;9
435;break;26;farquaad;9
436;dr;26;crew;9
437;view;26;oxygen;9
438;rudy;26;listen;9
439;keep;26;mitch;9
440;answer;26;amoun;9
441;palace;26;wound;9
442;map;26;crater;9
443;oil;26;dylan;9
444;path;26;shoulder;9
445;direction;26;christmas;9
446;king;26;skin;9
447;rocket;26;p;9
448;lord;25;bob;9
449;technology;25;explorer;9
450;act;25;pitch;9
451;clock;25;jim;9
452;dance;25;dragon;9
453;safety;25;norman;9
454;launch;25;pair;9
455;attack;25;pilot;9
456;jotun;25;return;9
457;pitch;25;sand;9
458;round;25;none;9
459;meeting;25;history;9
460;julia;25;sense;9
461;gate;25;zander;9
462;thirty;25;foot;9
463;edge;25;mommy;9
464;darcy;25;expedition;9
465;fear;25;dudley;9
466;van;25;moon;9
467;crater;24;ride;9
468;roger;24;jump;9
469;package;24;apple;9
470;maggie;24;cloud;9
471;action;24;tunnel;9
472;shut;24;remember;9
473;rule;24;ben;9
474;law;24;blip;9
475;target;24;gravity;9
476;gravity;24;bring;9
477;em;24;brain;9
478;message;24;radiation;9
479;horse;24;sleep;8
480;neck;24;honey;8
481;freedom;24;london;8
482;bag;24;medusa;8
483;jacket;24;ward;8
484;fuck;24;swamp;8
485;charley;24;bay;8
486;join;24;bag;8
487;cool;24;goddess;8
488;witch;24;beer;8
489;officer;24;charlie;8
490;gang;24;check;8
491;prenderghast;24;glass;8
492;know;24;charge;8
493;bomb;23;sign;8
494;puss;23;fly;8
495;desert;23;sacrifice;8
496;lock;23;repeat;8
497;scene;23;shield;8
498;waste;23;card;8
499;beach;23;size;8
500;flash;23;corner;8
501;speed;23;wonder;8
502;structure;23;duty;8
503;police;23;situation;8
504;hogun;23;marcus;8
505;crew;23;paranorman;8
506;rome;23;communication;8
507;form;23;smile;8
508;box;23;difference;8
509;shock;23;ten;8
510;tower;23;learn;8
511;sue;23;dress;8
512;twenty;23;paper;8
513;cross;23;fool;8
514;throne;23;safety;8
515;haggard;22;reason;8
516;stone;22;feed;8
517;crack;22;champagne;8
518;sister;22;bond;8
519;smoke;22;gas;8
520;blast;22;shape;8
521;card;22;courtney;8
522;ya;22;run;8
523;vehicle;22;professor;8
524;effect;22;age;8
525;bernie;22;garden;8
526;risk;22;access;8
527;escape;22;inman;8
528;core;22;bosley;8
529;dinner;22;rebel;8
530;stand;22;trap;8
531;ow;22;bitch;8
532;program;22;class;8
533;class;22;fact;8
534;hero;21;auuu;8
535;tree;21;grab;8
536;lift;21;drink;8
537;beech;21;match;8
538;push;21;pool;8
539;future;21;record;8
540;enemy;21;boom;8
541;count;21;bifrost;7
542;cat;21;christ;7
543;dawn;21;poison;7
544;caesar;21;join;7
545;find;21;roof;7
546;permission;21;caiman;7
547;cup;21;hop;7
548;galaxy;21;mess;7
549;partner;21;goodbye;7
550;destroyer;21;service;7
551;heat;21;contact;7
552;serendipity;21;bomb;7
553;wood;21;pocket;7
554;duty;21;panel;7
555;tet;21;interest;7
556;reach;21;k;7
557;strike;20;mistake;7
558;rico;20;hang;7
559;chain;20;haggard;7
560;cobb;20;prison;7
561;sif;20;anya;7
562;pick;20;gasps;7
563;river;20;lien;7
564;rain;20;picture;7
565;contact;20;cool;7
566;equipment;20;witch;7
567;price;20;soul;7
568;pack;20;crazy;7
569;living;20;winter;7
570;jackson;20;living;7
571;kevin;20;reed;7
572;response;20;shot;7
573;helmsley;20;colony;7
574;metal;20;pod;7
575;ock;20;technology;7
576;honor;20;worry;7
577;brand;20;speed;7
578;york;20;knife;7
579;video;20;trip;7
580;fault;20;month;7
581;sure;20;darkness;7
582;pod;20;glad;7
583;respect;20;shark;7
584;sun;20;adventure;7
585;alien;20;playing;7
586;camp;19;fairy;7
587;prison;19;teach;7
588;crowd;19;romeo;7
589;age;19;jen;7
590;robot;19;bug;7
591;steel;19;diner;7
592;strength;19;meeting;7
593;entrance;19;whoa;7
594;remember;19;governor;7
595;button;19;location;7
596;danger;19;game;7
597;ravenna;19;signal;7
598;rescue;19;weyland;7
599;doc;19;papa;7
600;exchange;19;soyuz;7
601;mate;19;vehicle;7
602;approach;19;sort;7
603;store;19;porch;7
604;ext;19;kiss;7
605;holley;19;spot;7
606;francesco;18;bed;7
607;beauty;18;parker;7
608;letter;18;bedroom;7
609;offer;18;beam;7
610;vacation;18;computer;7
611;image;18;progress;7
612;counter;18;waste;7
613;hammer;18;beast;7
614;tape;18;gus;7
615;notice;18;thief;7
616;dirt;18;blade;7
617;lie;18;lead;7
618;star;18;luck;7
619;track;18;alright;7
620;conjunction;18;formica;6
621;jake;18;enjoy;6
622;forget;18;force;6
623;material;18;hero;6
624;search;18;hospital;6
625;perry;18;strike;6
626;source;18;enter;6
627;crap;18;office;6
628;access;18;destroyer;6
629;staff;18;doug;6
630;sleep;18;mayday;6
631;reveal;18;tango;6
632;college;18;tree;6
633;hill;18;anybody;6
634;table;18;ray;6
635;nature;17;realm;6
636;vision;17;dom;6
637;tube;17;probe;6
638;exit;17;country;6
639;spock;17;lift;6
640;victor;17;rain;6
641;david;17;kid;6
642;buck;17;shadow;6
643;concern;17;fork;6
644;throw;17;focus;6
645;reed;17;level;6
646;fly;17;entrance;6
647;wonder;17;pure;6
648;dragon;17;neck;6
649;shape;17;cute;6
650;mirror;17;lunch;6
651;sort;17;rock;6
652;climb;17;draft;6
653;throat;17;wood;6
654;joke;17;kepheus;6
655;mess;17;comm;6
656;boss;17;driver;6
657;gift;17;color;6
658;russell;17;kingdom;6
659;ten;17;dare;6
660;hotel;17;cooper;6
661;shirt;17;exit;6
662;crash;17;heh;6
663;emperor;17;building;6
664;record;17;kowalsky;6
665;release;16;gang;6
666;child;16;design;6
667;destroy;16;action;6
668;traffic;16;hurrah;6
669;research;16;share;6
670;relationship;16;plant;6
671;casino;16;event;6
672;beneath;16;dirt;6
673;device;16;imagine;6
674;bala;16;twenty;6
675;dust;16;grace;6
676;wheel;16;reach;6
677;diner;16;gold;6
678;curse;16;circle;6
679;egg;16;permission;6
680;fence;16;coulson;6
681;ash;16;practice;6
682;pum;16;rover;6
683;drink;16;york;6
684;signal;16;connection;6
685;dude;16;quail;6
686;orbit;16;entry;6
687;surprise;16;hooper;6
688;probe;16;link;6
689;jupiter;16;heimdall;6
690;afternoon;16;nion;6
691;easter;16;knight;6
692;clive;16;climb;6
693;mention;16;doubt;6
694;enter;16;stage;6
695;flame;16;train;6
696;casket;16;cabbage;6
697;football;16;claire;6
698;stick;16;crash;6
699;fiona;16;spell;6
700;cigarette;16;nick;6
701;fucking;16;g;6
702;radiation;16;attack;6
703;mcqueen;15;rodger;6
704;tech;15;chicken;6
705;bloody;15;fuel;6
706;expression;15;wire;6
707;thousand;15;destiny;6
708;terri;15;favor;6
709;plant;15;merry;6
710;operation;15;gaze;6
711;leg;15;shuttle;6
712;study;15;drone;6
713;bank;15;grandmama;6
714;cop;15;console;6
715;reality;15;supply;6
716;month;15;fate;6
717;fleet;15;knox;6
718;colonel;15;candy;6
719;armor;15;pressure;6
720;route;15;paris;5
721;huntsman;15;rise;5
722;page;15;debris;5
723;tongue;15;hide;5
724;goodbye;15;wreck;5
725;interest;15;thunder;5
726;burn;15;credit;5
727;skin;15;mo;5
728;bullshit;15;example;5
729;bunch;15;travel;5
730;bye;15;gate;5
731;ridge;15;thewes;5
732;panel;15;wine;5
733;craft;15;message;5
734;chocolate;15;edward;5
735;uncle;15;strength;5
736;trade;15;rico;5
737;colony;15;bat;5
738;minister;15;approach;5
739;toilet;15;wu;5
740;vincent;15;bachelorette;5
741;conversation;15;royal;5
742;angle;15;left;5
743;combat;15;protocol;5
744;suzy;15;photo;5
745;empire;15;humanity;5
746;lead;15;post;5
747;weather;15;device;5
748;worker;14;offer;5
749;shadow;14;reality;5
750;support;14;test;5
751;smell;14;push;5
752;training;14;milk;5
753;screen;14;blast;5
754;cream;14;cost;5
755;status;14;fear;5
756;castle;14;effort;5
757;self;14;fantasos;5
758;gregor;14;till;5
759;doubt;14;training;5
760;motorcycle;14;motion;5
761;handle;14;elliot;5
762;ghost;14;r;5
763;hammond;14;track;5
764;aunt;14;woof;5
765;kitchen;14;vision;5
766;mib;14;reaction;5
767;america;14;spirit;5
768;stare;14;soil;5
769;prepare;14;tamburlane;5
770;darkness;14;spyros;5
771;fool;14;island;5
772;miss;14;empress;5
773;vault;14;rush;5
774;governor;14;ad;5
775;authority;14;tv;5
776;ho;14;smith;5
777;wilderness;14;mill;5
778;calm;14;pick;5
779;chest;14;mustangburger;5
780;journey;14;division;5
781;mail;14;response;5
782;jotunheim;14;coat;5
783;copy;14;member;5
784;color;14;infantery;5
785;cash;14;hill;5
786;beast;14;launch;5
787;locker;13;miss;5
788;travel;13;store;5
789;damage;13;caesar;5
790;dozen;13;gort;5
791;knew;13;fine;5
792;grace;13;giant;5
793;cry;13;courage;5
794;location;13;cry;5
795;doorway;13;insane;5
796;pressure;13;culture;5
797;lab;13;movie;5
798;evidence;13;wow;5
799;terror;13;orphanage;5
800;pool;13;fenland;5
801;soldier;13;cinco;5
802;threat;13;lie;5
803;fischer;13;chest;5
804;civilization;13;eric;5
805;click;13;goddamn;5
806;farm;13;faith;5
807;bed;13;visit;5
808;tent;13;e;5
809;ashley;13;go;5
810;reflection;13;video;5
811;fate;13;joppa;5
812;combination;13;crap;5
813;amoun;13;animal;5
814;shame;13;lo;5
815;effort;13;orange;5
816;chamber;13;beneath;5
817;bloom;13;armor;5
818;pleasure;13;keep;5
819;fish;13;sack;5
820;fine;13;owner;5
821;knock;13;bet;5
822;decision;13;agency;5
823;shuttle;13;combat;5
824;blue;13;demigod;5
825;finger;13;ball;5
826;presence;13;footage;5
827;bullet;13;church;5
828;port;13;conference;5
829;r;13;union;5
830;mister;13;winch;5
831;crime;13;wish;5
832;quit;13;display;5
833;glad;13;draco;5
834;harmsway;13;ghost;5
835;townsfolk;13;chaos;4
836;rainbow;13;trailer;4
837;gru;13;intercut;4
838;porch;13;screams;4
839;boom;13;protection;4
840;thunder;12;celebration;4
841;hurt;12;glance;4
842;series;12;dna;4
843;project;12;foster;4
844;chair;12;relay;4
845;avid;12;henri;4
846;grandma;12;lab;4
847;rage;12;blind;4
848;cable;12;bank;4
849;harry;12;chuck;4
850;transmission;12;series;4
851;broch;12;network;4
852;imagine;12;surprise;4
853;belt;12;dammit;4
854;tara;12;atv;4
855;cage;12;bite;4
856;put;12;target;4
857;stage;12;rat;4
858;pursuit;12;seed;4
859;fan;12;snow;4
860;repeat;12;scream;4
861;da;12;sugar;4
862;bunny;12;steal;4
863;division;12;finger;4
864;p;12;debt;4
865;saito;12;cow;4
866;curtis;12;speak;4
867;jamie;12;catch;4
868;william;12;chill;4
869;e;12;legion;4
870;noise;12;cape;4
871;bet;12;officer;4
872;bastard;12;hushabye;4
873;key;12;horizon;4
874;ninety;12;calm;4
875;deck;12;heat;4
876;hook;12;odyssey;4
877;explain;12;journey;4
878;balance;12;weekend;4
879;opportunity;12;ballet;4
880;failure;12;zone;4
881;daddy;12;environment;4
882;crazy;12;cook;4
883;till;12;rome;4
884;mjolnir;12;thirty;4
885;dollar;12;altar;4
886;robinson;12;leviathan;4
887;create;12;ferry;4
888;cloud;12;grow;4
889;expedition;12;police;4
890;train;12;window;4
891;property;12;policy;4
892;ms;12;bath;4
893;orion;12;eh;4
894;difference;12;spock;4
895;bathroom;12;someplace;4
896;wound;12;marine;4
897;theory;12;language;4
898;motion;12;charleston;4
899;nion;12;television;4
900;ok;12;sal;4
901;taste;12;sure;4
902;paradise;12;trace;4
903;observatory;12;price;4
904;intelligence;12;shop;4
905;defense;12;comb;4
906;prince;12;expression;4
907;motor;12;containment;4
908;afraid;12;west;4
909;movie;12;direction;4
910;andromeda;12;evening;4
911;ring;11;oil;4
912;scream;11;ya;4
913;pocket;11;blow;4
914;duir;11;simulator;4
915;facility;11;table;4
916;explorer;11;throat;4
917;gordon;11;meaning;4
918;phil;11;act;4
919;dare;11;malfunction;4
920;barton;11;fantasy;4
921;meal;11;stare;4
922;aw;11;cycle;4
923;tail;11;pull;4
924;scar;11;ogre;4
925;dress;11;operation;4
926;asgard;11;insurance;4
927;impact;11;mask;4
928;insane;11;liar;4
929;connection;11;apartment;4
930;majesty;11;commander;4
931;coincidence;11;horror;4
932;church;11;list;4
933;process;11;tea;4
934;perfect;11;version;4
935;dammit;11;mmm;4
936;laufey;11;search;4
937;secretary;11;kick;4
938;photo;11;company;4
939;octavius;11;stick;4
940;gus;11;goat;4
941;q;11;trade;4
942;club;11;hunter;4
943;carl;11;terrain;4
944;anger;11;detach;4
945;trick;11;harm;4
946;mustangburger;11;issue;4
947;evening;11;bye;4
948;liz;11;uncle;4
949;circle;11;mist;4
950;skull;11;swarm;4
951;university;11;paint;4
952;freeze;11;relationship;4
953;treat;11;sector;4
954;destruction;11;giang;4
955;rosomorf;11;hit;4
956;loss;11;x;4
957;dug;11;set;4
958;balcony;11;art;4
959;sphinx;11;defense;4
960;give;11;project;4
961;alarm;11;aggie;4
962;save;11;reverse;4
963;soul;11;sweet;4
964;grow;11;georgia;4
965;language;11;dozen;4
966;wormhole;11;machinery;4
967;shop;11;mob;4
968;girlfriend;11;cup;4
969;coat;11;arthur;4
970;insurance;11;senate;4
971;raise;11;mighty;4
972;bill;11;sight;4
973;gaze;11;brent;4
974;conference;11;civilization;4
975;humanity;11;plenty;4
976;ann;11;lesson;4
977;kingdom;11;desire;4
978;communication;11;engineering;4
979;list;11;ext;4
980;design;11;transport;4
981;feed;11;orbit;4
982;wilson;11;shock;4
983;activity;11;bird;4
984;dump;11;survivor;4
985;tiamat;11;stobrod;4
986;arthur;11;gregor;4
987;vice;11;proof;4
988;trap;11;la;4
989;drunk;11;frequency;4
990;mason;10;patch;4
991;listen;10;math;4
992;plate;10;thrust;4
993;patch;10;prepare;4
994;union;10;conversation;4
995;quarter;10;scene;4
996;kirk;10;stomach;4
997;pov;10;steel;4
998;set;10;macto;4
999;sex;10;border;4
1000;chase;10;tale;4
1001;sight;10;bastard;4
1002;send;10;tape;4
1003;closing;10;meant;4
1004;challenge;10;cube;4
1005;desk;10;holloway;4
1006;worth;10;skynet;4
1007;l;10;ability;4
1008;watson;10;sorrow;4
1009;trophy;10;joe;4
1010;maximus;10;career;4
1011;gojira;10;joke;4
1012;eh;10;admit;4
1013;breakfast;10;cross;4
1014;mcmissile;10;bala;4
1015;weiner;10;dust;4
1016;department;10;weapon;4
1017;grab;10;realize;4
1018;candy;10;schedule;4
1019;buddy;10;bus;4
1020;quail;10;delivery;4
1021;hood;10;bud;4
1022;coast;10;balcony;4
1023;trace;10;sif;4
1024;highway;10;encounter;3
1025;diz;10;tsai;3
1026;bow;10;carpet;3
1027;sake;10;mee;3
1028;pair;10;reporter;3
1029;seal;10;guido;3
1030;oxygen;10;study;3
1031;file;10;smoke;3
1032;paint;10;county;3
1033;billingsley;10;ninety;3
1034;brent;10;unit;3
1035;engineering;10;keith;3
1036;exercise;10;insult;3
1037;sack;10;breathe;3
1038;explanation;10;give;3
1039;knowledge;10;household;3
1040;wreckage;10;seamus;3
1041;lake;10;murray;3
1042;bus;10;fix;3
1043;j;10;band;3
1044;plutonium;10;meat;3
1045;rise;10;rv;3
1046;enjoy;10;driving;3
1047;chuck;10;gou;3
1048;glow;10;barrier;3
1049;reputation;10;yesterday;3
1050;duke;10;struggle;3
1051;advantage;10;robinson;3
1052;laughter;10;privacy;3
1053;platform;10;hook;3
1054;reaction;10;top;3
1055;song;10;serve;3
1056;suv;10;second;3
1057;court;10;louder;3
1058;adventure;10;feeling;3
1059;sandra;10;rasputin;3
1060;cube;10;climate;3
1061;coll;10;pop;3
1062;ogre;10;rider;3
1063;supply;10;letter;3
1064;universe;10;alarm;3
1065;branch;10;voiceprint;3
1066;kinda;10;wedding;3
1067;holy;9;secretary;3
1068;wine;9;mud;3
1069;fix;9;future;3
1070;spidey;9;confusion;3
1071;ate;9;uncertainty;3
1072;feeling;9;undone;3
1073;respond;9;bathroom;3
1074;pity;9;trigger;3
1075;accident;9;canopy;3
1076;roll;9;muir;3
1077;highness;9;spin;3
1078;jerk;9;pyramid;3
1079;badge;9;kohl;3
1080;st;9;alien;3
1081;note;9;wheel;3
1082;fredricksen;9;opportunity;3
1083;newspaper;9;tune;3
1084;condition;9;client;3
1085;beautiful;9;consciousness;3
1086;palm;9;disguise;3
1087;santa;9;yes;3
1088;driscoll;9;queen;3
1089;uranium;9;projection;3
1090;realize;9;spread;3
1091;beith;9;bobby;3
1092;pause;9;hunt;3
1093;wire;9;alice;3
1094;co;9;captive;3
1095;appreciate;9;dear;3
1096;forty;9;purple;3
1097;phase;9;landscape;3
1098;film;9;avatar;3
1099;retreat;9;corn;3
1100;crystal;9;bury;3
1101;stake;9;afternoon;3
1102;cost;9;nerve;3
1103;cargo;9;altitude;3
1104;cap;9;spring;3
1105;husband;9;failure;3
1106;horror;9;powder;3
1107;trailer;9;counsel;3
1108;robert;9;inside;3
1109;beedo;9;emit;3
1110;experiment;9;escape;3
1111;win;9;request;3
1112;cyclotron;9;smell;3
1113;career;9;roll;3
1114;monitor;9;juggernaut;3
1115;roof;9;welcome;3
1116;meat;9;bullet;3
1117;revenge;9;jacket;3
1118;signature;9;frigga;3
1119;bat;9;reception;3
1120;bay;9;chain;3
1121;faith;9;terror;3
1122;switch;9;advantage;3
1123;policy;9;lynch;3
1124;reading;9;clouds;3
1125;bottle;9;tear;3
1126;grin;9;jamie;3
1127;knife;9;assistance;3
1128;dagger;9;health;3
1129;bon;9;box;3
1130;movement;9;sheriff;3
1131;radar;9;shift;3
1132;courage;9;parking;3
1133;reverse;9;crisis;3
1134;simple;9;pinzgauer;3
1135;yesterday;9;afford;3
1136;jimmy;9;clue;3
1137;cure;9;piano;3
1138;account;9;cat;3
1139;lama;9;soup;3
1140;townie;9;laughter;3
1141;prisoner;9;fuck;3
1142;protect;9;write;3
1143;fucker;9;sunday;3
1144;match;9;block;3
1145;corpse;9;pointer;3
1146;shelter;9;attraction;3
1147;wish;9;observatory;3
1148;hospital;9;non;3
1149;ceremony;9;killer;3
1150;london;9;wagon;3
1151;donkey;9;term;3
1152;convict;9;servant;3
1153;corn;9;pizza;3
1154;cowboy;9;em;3
1155;bath;9;description;3
1156;row;9;jackson;3
1157;weird;9;yuri;3
1158;wagon;9;gordon;3
1159;darrow;9;emotion;3
1160;yup;9;blink;3
1161;plastic;9;carry;3
1162;troy;9;caught;3
1163;spirit;9;plastic;3
1164;driver;9;hut;3
1165;relief;9;sophie;3
1166;model;9;junk;3
1167;idiot;9;rent;3
1168;apartment;9;offering;3
1169;rate;9;concern;3
1170;scientist;9;egg;3
1171;blackwood;9;lotus;3
1172;analysis;9;troy;3
1173;chaos;9;crane;3
1174;elliot;9;assistant;3
1175;boot;9;roger;3
1176;disaster;8;notice;3
1177;spin;8;emergency;3
1178;ease;8;contract;3
1179;bottom;8;pov;3
1180;mighty;8;period;3
1181;square;8;janek;3
1182;russia;8;stretch;3
1183;burning;8;vacation;3
1184;rush;8;thousand;3
1185;dirty;8;helmet;3
1186;johnny;8;weee;3
1187;learn;8;companion;3
1188;scavs;8;director;3
1189;pegasus;8;relief;3
1190;ashton;8;reward;3
1191;vidalia;8;thinking;3
1192;virus;8;zulu;3
1193;link;8;stung;3
1194;punch;8;miracle;3
1195;animal;8;barton;3
1196;log;8;mood;3
1197;stomach;8;football;3
1198;biker;8;throw;3
1199;meant;8;salvage;3
1200;thief;8;operator;3
1201;fedex;8;fighter;3
1202;schedule;8;rage;3
1203;samurai;8;taste;3
1204;protection;8;idiot;3
1205;secure;8;cove;3
1206;lay;8;flower;3
1207;band;8;groom;3
1208;medicine;8;meditation;3
1209;iron;8;mason;3
1210;swamp;8;hmmm;3
1211;cooperation;8;program;3
1212;wu;8;norm;3
1213;saddam;8;song;3
1214;gut;8;heaven;3
1215;assistance;8;grandfather;3
1216;explosion;8;random;3
1217;trial;8;circuit;3
1218;dadgum;8;maggie;3
1219;clue;8;cash;3
1220;offering;8;haaa;3
1221;burst;8;material;3
1222;touch;8;section;3
1223;read;8;arena;3
1224;miracle;8;substance;3
1225;amount;8;duloc;3
1226;yo;8;experience;3
1227;bless;8;tim;3
1228;fairy;8;revelation;3
1229;rope;8;teague;3
1230;auto;8;comms;3
1231;murph;8;scar;3
1232;bee;8;rudy;3
1233;gallery;8;refuse;3
1234;frigga;8;suffer;3
1235;legacy;8;style;3
1236;jersey;8;humbaba;3
1237;capture;8;van;3
1238;kick;8;yo;3
1239;glare;8;mystery;3
1240;twist;8;wash;3
1241;type;8;leave;3
1242;kong;8;ass;3
1243;sugar;8;belief;3
1244;earl;8;swanger;3
1245;troop;8;threat;3
1246;trigger;8;heartbeat;3
1247;mexico;8;fancy;3
1248;dear;8;guest;3
1249;petersburg;8;jet;3
1250;shift;8;park;3
1251;visit;8;aningang;3
1252;plaza;8;react;3
1253;mankind;8;flicker;3
1254;basket;8;ruin;3
1255;butt;8;banner;3
1256;responsibility;8;river;3
1257;spy;8;intelligence;3
1258;mmm;8;bare;3
1259;mama;8;barn;3
1260;outta;8;leg;3
1261;century;8;pickup;3
1262;duck;8;europe;3
1263;arrange;8;gypsy;3
1264;violence;8;devil;3
1265;stock;8;raise;3
1266;bulb;8;secret;3
1267;bud;8;corridor;3
1268;glory;8;assignment;3
1269;paris;8;task;3
1270;enterprise;8;cheek;3
1271;ahh;8;analysis;3
1272;fury;8;alvin;3
1273;sidney;8;prince;3
1274;engineer;8;source;3
1275;season;8;townsfolk;3
1276;bunnymund;8;bloody;3
1277;favor;8;knock;3
1278;tiger;8;loser;3
1279;helmet;8;decision;3
1280;grass;8;range;3
1281;grandfather;8;frost;3
1282;faint;8;tara;3
1283;health;8;insect;3
1284;powwow;8;nash;3
1285;art;8;transmission;3
1286;baseball;8;sewage;3
1287;pi;8;cap;3
1288;zombie;8;defeat;3
1289;freak;8;opinion;3
1290;clever;8;danger;3
1291;g;8;manage;3
1292;asshole;8;patrol;3
1293;member;8;iain;3
1294;lobby;8;freedom;3
1295;junk;8;tap;3
1296;pulse;7;lock;3
1297;china;7;perimeter;3
1298;coward;7;ow;3
1299;boston;7;counter;3
1300;score;7;dan;3
1301;stadium;7;dah;3
1302;player;7;drip;3
1303;split;7;transmitter;3
1304;desire;7;society;3
1305;passenger;7;timer;3
1306;tooth;7;mal;3
1307;jeebs;7;greta;3
1308;macho;7;mix;3
1309;winter;7;clive;3
1310;troll;7;gesture;3
1311;henscher;7;ho;3
1312;one;7;bear;3
1313;knee;7;frame;3
1314;axe;7;drug;3
1315;hooper;7;monitor;3
1316;blah;7;respect;3
1317;surveillance;7;platform;3
1318;dart;7;smoking;3
1319;stranger;7;laser;3
1320;leadership;7;partner;3
1321;ay;7;happiness;3
1322;midget;7;lake;3
1323;section;7;become;3
1324;regiment;7;growth;3
1325;register;7;corpse;3
1326;zeus;7;passion;3
1327;load;7;beach;3
1328;firm;7;emperor;3
1329;sweetheart;7;charley;3
1330;senate;7;ridge;3
1331;religion;7;maze;3
1332;repair;7;hm;3
1333;garbage;7;margo;3
1334;poster;7;count;3
1335;garden;7;convince;3
1336;marry;7;cake;3
1337;gettin;7;romance;3
1338;engage;7;cloister;3
1339;sergeant;7;vermin;2
1340;gotcha;7;francesco;2
1341;muir;7;consider;2
1342;frame;7;bike;2
1343;packet;7;swap;2
1344;salma;7;sway;2
1345;frustration;7;fireplace;2
1346;told;7;solution;2
1347;containment;7;succession;2
1348;steal;7;serebreakov;2
1349;steam;7;horn;2
1350;con;7;incantation;2
1351;cohaagen;7;studio;2
1352;zone;7;pursuit;2
1353;vegas;7;humility;2
1354;teacher;7;secure;2
1355;cab;7;campaign;2
1356;sacrifice;7;hiya;2
1357;begin;7;rape;2
1358;fifty;7;survive;2
1359;sport;7;relax;2
1360;warhol;7;grief;2
1361;scum;7;origin;2
1362;soil;7;tnt;2
1363;thinking;7;worm;2
1364;operator;7;root;2
1365;poop;7;orion;2
1366;cliff;7;ceremony;2
1367;teach;7;hog;2
1368;neil;7;compassion;2
1369;event;7;stravanavitch;2
1370;karbala;7;blanket;2
1371;issue;7;loyalty;2
1372;mack;7;law;2
1373;maurice;7;baggage;2
1374;beg;7;tereshkova;2
1375;evolution;7;ibanez;2
1376;admit;7;gento;2
1377;francisco;7;production;2
1378;weakness;7;fade;2
1379;bam;7;combination;2
1380;voyage;7;weakness;2
1381;anchor;7;thee;2
1382;left;7;bang;2
1383;landing;7;silver;2
1384;manager;7;ewwww;2
1385;milk;7;good;2
1386;mommy;7;victory;2
1387;texas;7;volcano;2
1388;lunch;7;telescope;2
1389;california;7;aide;2
1390;carry;7;milan;2
1391;channel;7;taught;2
1392;hostage;7;whip;2
1393;cancer;7;lair;2
1394;audience;7;forty;2
1395;meaning;7;engineer;2
1396;brute;7;revenge;2
1397;gort;7;ate;2
1398;raft;7;mcqueen;2
1399;comfort;7;accent;2
1400;advice;7;rank;2
1401;retrieval;7;hearing;2
1402;speech;7;bicycle;2
1403;luke;7;thick;2
1404;aircraft;7;hood;2
1405;restaurant;7;agriculture;2
1406;pet;7;basketball;2
1407;denham;7;cuff;2
1408;joppa;7;ceiling;2
1409;yard;7;tool;2
1410;beam;7;kept;2
1411;bean;7;speaking;2
1412;success;7;iron;2
1413;plague;7;minus;2
1414;wise;7;fashion;2
1415;pit;7;oipmiq;2
1416;goin;7;doc;2
1417;pride;7;toast;2
1418;hide;7;carbine;2
1419;breathe;7;explain;2
1420;toxic;7;disgust;2
1421;formation;7;meng;2
1422;top;7;plate;2
1423;ton;7;godzilla;2
1424;tom;7;integrity;2
1425;ceiling;7;coast;2
1426;harper;7;wormhole;2
1427;gladiator;7;steam;2
1428;satellite;7;julien;2
1429;term;7;fair;2
1430;someplace;7;lemonade;2
1431;hull;7;reporting;2
1432;hug;7;duir;2
1433;merry;7;result;2
1434;pop;7;agenor;2
1435;inception;7;pete;2
1436;announcement;7;co2;2
1437;trash;7;sail;2
1438;symbol;7;grandmother;2
1439;flower;7;muh;2
1440;dokey;7;brigade;2
1441;crush;7;nature;2
1442;style;7;ham;2
1443;pray;7;pity;2
1444;friendship;7;myeu;2
1445;bare;7;edgar;2
1446;crane;7;disengage;2
1447;nick;7;com;2
1448;breach;7;canyon;2
1449;apple;7;gratitude;2
1450;fee;7;basin;2
1451;proof;7;idol;2
1452;barbatus;7;exception;2
1453;agency;7;save;2
1454;inch;7;tank;2
1455;fishing;7;remo;2
1456;transfer;7;cylinder;2
1457;electricity;6;sticker;2
1458;second;6;explanation;2
1459;unit;6;audrey;2
1460;dna;6;player;2
1461;relax;6;folk;2
1462;hoo;6;punctuality;2
1463;hop;6;mouse;2
1464;silver;6;growl;2
1465;arrow;6;descent;2
1466;purpose;6;bunny;2
1467;hiya;6;delight;2
1468;wisdom;6;kim;2
1469;prix;6;butter;2
1470;argue;6;mamma;2
1471;hong;6;mib;2
1472;gasps;6;linton;2
1473;yellowstone;6;human;2
1474;stress;6;photographer;2
1475;truce;6;shahaylu;2
1476;dunno;6;birth;2
1477;boyfriend;6;wreckage;2
1478;backpack;6;brought;2
1479;anti;6;gift;2
1480;mask;6;remind;2
1481;debris;6;battlefield;2
1482;past;6;somehow;2
1483;experience;6;jennifer;2
1484;infantery;6;jupiter;2
1485;sauce;6;election;2
1486;jet;6;extinction;2
1487;factor;6;dense;2
1488;damnit;6;icy;2
1489;deactivate;6;xander;2
1490;bell;6;discount;2
1491;continue;6;bolt;2
1492;spring;6;cowboy;2
1493;cia;6;sshh;2
1494;scratch;6;despair;2
1495;magic;6;kyle;2
1496;confidence;6;sob;2
1497;hauser;6;presence;2
1498;kiss;6;fucking;2
1499;rotation;6;sitter;2
1500;evacuation;6;shhh;2
1501;owner;6;heal;2
1502;edgar;6;hmm;2
1503;arrest;6;crystal;2
1504;become;6;mjolnir;2
1505;transport;6;maximus;2
1506;hobbscap;6;palm;2
1507;ink;6;hotter;2
1508;worm;6;fury;2
1509;bang;6;evidence;2
1510;bread;6;role;2
1511;elevator;6;trepidation;2
1512;humor;6;maureen;2
1513;post;6;faster;2
1514;welcome;6;caldwell;2
1515;abort;6;flash;2
1516;pipe;6;mourn;2
1517;introduce;6;coon;2
1518;el;6;gum;2
1519;ex;6;quick;2
1520;sheet;6;bonfire;2
1521;hauls;6;revolution;2
1522;breeze;6;core;2
1523;role;6;discover;2
1524;twelve;6;spider;2
1525;bucket;6;skolothia;2
1526;venice;6;bo;2
1527;revelation;6;pause;2
1528;muscle;6;teacher;2
1529;league;6;bow;2
1530;pace;6;emerge;2
1531;mitchell;6;treasure;2
1532;guide;6;os;2
1533;hallway;6;cloak;2
1534;radiator;6;lose;2
1535;parade;6;dude;2
1536;rum;6;yum;2
1537;simulation;6;scav;2
1538;go;6;prep;2
1539;kate;6;ignorant;2
1540;wave;6;tokyo;2
1541;soup;6;stature;2
1542;ambition;6;natasha;2
1543;mad;6;saito;2
1544;photograph;6;gabby;2
1545;border;6;offense;2
1546;deploy;6;stole;2
1547;shaikh;6;monitoring;2
1548;mcconnell;6;sidney;2
1549;lincoln;6;maybe;2
1550;trucker;6;jail;2
1551;margo;6;tall;2
1552;cruel;6;junction;2
1553;draco;6;midnight;2
1554;eric;6;stability;2
1555;talkin;6;coll;2
1556;zundapp;6;terrace;2
1557;wreck;6;cold;2
1558;campaign;6;worship;2
1559;landscape;6;suspicion;2
1560;warn;6;mail;2
1561;attempt;6;limbo;2
1562;therapy;6;smarter;2
1563;bone;6;shatter;2
1564;taught;6;sooner;2
1565;struggle;6;academy;2
1566;warrior;6;baxter;2
1567;cousin;6;zurich;2
1568;butter;6;torch;2
1569;protocol;6;rooster;2
1570;yes;6;formula;2
1571;character;6;sensor;2
1572;dignity;6;theory;2
1573;bolt;6;possibility;2
1574;nerve;6;carl;2
1575;henry;6;henscher;2
1576;earthquake;6;advance;2
1577;france;6;invitation;2
1578;wallet;6;budweiser;2
1579;sooner;6;rachel;2
1580;fiery;6;sparkler;2
1581;spectacle;6;ring;2
1582;muffin;6;sheep;2
1583;tour;6;sheer;2
1584;graveyard;6;escort;2
1585;drain;6;hug;2
1586;pile;6;season;2
1587;destination;6;chute;2
1588;recall;6;butt;2
1589;existence;6;boyfriend;2
1590;harm;6;sylwanin;2
1591;sector;6;lullaby;2
1592;boulder;6;alley;2
1593;stravanavitch;6;sad;2
1594;bip;6;breakfast;2
1595;gatehouse;6;silhouette;2
1596;robbery;6;rag;2
1597;techie;6;icos;2
1598;rabbit;6;keppler;2
1599;chief;6;proud;2
1600;junction;6;delta;2
1601;math;6;fifty;2
1602;south;6;slot;2
1603;request;6;crime;2
1604;disease;6;unsure;2
1605;text;6;dyl;2
1606;assure;6;celebrate;2
1607;plain;6;freaking;2
1608;value;6;resource;2
1609;sofa;6;tube;2
1610;buy;6;borrow;2
1611;circus;6;danae;2
1612;mo;6;college;2
1613;salvage;6;volstagg;2
1614;estate;6;um;2
1615;guarantee;6;janey;2
1616;victory;6;beith;2
1617;murder;6;blame;2
1618;rat;6;concentrate;2
1619;geez;6;quack;2
1620;mud;6;pray;2
1621;discovery;6;nooooo;2
1622;yusuf;6;olympos;2
1623;beside;6;turkey;2
1624;hunt;6;prototype;2
1625;til;6;bullshit;2
1626;cooper;6;observe;2
1627;ixion;6;minister;2
1628;birthday;6;washington;2
1629;midnight;6;trick;2
1630;torch;6;cast;2
1631;george;6;cart;2
1632;bennie;6;walla;2
1633;ant;6;monk;2
1634;tornado;6;cluster;2
1635;connor;6;pat;2
1636;cheat;6;bowl;2
1637;comm;6;surveillance;2
1638;period;6;speech;2
1639;pole;6;moh;2
1640;shaft;6;pan;2
1641;simulator;6;rainbow;2
1642;mood;6;breeze;2
1643;aldan;6;bottle;2
1644;hmmm;6;model;2
1645;ticket;6;summer;2
1646;tea;6;affair;2
1647;gungnir;6;pillar;2
1648;jovi;6;generator;2
1649;trevor;6;republic;2
1650;whoo;6;read;2
1651;cinco;6;traffic;2
1652;demand;6;clan;2
1653;cheer;6;magellan;2
1654;ignore;6;canteen;2
1655;range;6;custody;2
1656;stream;6;recorder;2
1657;patrol;6;o2;2
1658;villain;6;communicate;2
1659;panic;6;volkswagen;2
1660;orange;6;innocence;2
1661;tray;6;lucy;2
1662;intention;6;ok;2
1663;chicken;6;ace;2
1664;joy;6;industry;2
1665;aggie;6;wolf;2
1666;grazie;6;backup;2
1667;hmm;6;module;2
1668;murdock;6;shower;2
1669;column;6;bucket;2
1670;sweat;6;assume;2
1671;goodness;6;sadness;2
1672;behe;6;dirty;2
1673;bacon;5;grass;2
1674;goddammit;5;agree;2
1675;doin;5;toilet;2
1676;gauge;5;ohh;2
1677;debt;5;describe;2
1678;lucas;5;general;2
1679;survival;5;lifetime;2
1680;birth;5;deed;2
1681;remind;5;film;2
1682;creek;5;deserve;2
1683;marshall;5;storage;2
1684;dealer;5;shelter;2
1685;relay;5;symbol;2
1686;claus;5;herbs;2
1687;gunfire;5;princessa;2
1688;seventy;5;ikran;2
1689;vote;5;mass;2
1690;bite;5;dollar;2
1691;say;5;catastrophe;2
1692;keptin;5;lotophagi;2
1693;lawn;5;cadaver;2
1694;resource;5;fan;2
1695;borrow;5;condition;2
1696;vacuum;5;evaluation;2
1697;gimme;5;population;2
1698;ace;5;lawyer;2
1699;buying;5;hesitation;2
1700;beverage;5;brief;2
1701;consider;5;movement;2
1702;gosh;5;hmmmm;2
1703;doom;5;conviction;2
1704;mall;5;whine;2
1705;attitude;5;soldier;2
1706;jed;5;disregard;2
1707;mmmm;5;acrisius;2
1708;marriage;5;put;2
1709;banner;5;examiner;2
1710;devil;5;dowager;2
1711;champion;5;attendance;2
1712;pound;5;beautiful;2
1713;clearance;5;comfort;2
1714;blackjack;5;glowing;2
1715;lane;5;option;2
1716;sent;5;vlad;2
1717;rack;5;advice;2
1718;survey;5;spectre;2
1719;sire;5;responsibility;2
1720;slip;5;burn;2
1721;houston;5;attitude;2
1722;tatopoulos;5;resort;2
1723;romulan;5;pad;2
1724;witness;5;sauce;2
1725;length;5;alter;2
1726;bedroom;5;crawls;2
1727;jaw;5;woulda;2
1728;jam;5;inch;2
1729;h;5;pegasus;2
1730;aye;5;polluc;2
1731;li;5;odin;2
1732;trajectory;5;weight;2
1733;laser;5;haley;2
1734;identity;5;clockwork;2
1735;shotgun;5;quantum;2
1736;whistler;5;etat;2
1737;software;5;funding;2
1738;delivery;5;item;2
1739;apollo;5;paradise;2
1740;convince;5;flame;2
1741;illusion;5;gut;2
1742;sitwell;5;cockpit;2
1743;petra;5;temperature;2
1744;goddamnit;5;divorce;2
1745;insult;5;porpoise;2
1746;interview;5;fischer;2
1747;yorgi;5;razor;2
1748;thee;5;vidalia;2
1749;daniel;5;hotel;2
1750;grave;5;kitchen;2
1751;toast;5;mmmm;2
1752;guidance;5;rifle;2
1753;personality;5;declare;2
1754;macto;5;cleon;2
1755;tone;5;wilson;2
1756;sticker;5;lil;2
1757;fusion;5;commotion;2
1758;lucilla;5;build;2
1759;discover;5;liz;2
1760;helpless;5;eater;2
1761;cold;5;cigarette;2
1762;halt;5;virus;2
1763;tomahawk;5;moss;2
1764;madam;5;kay;2
1765;caught;5;toruk;2
1766;television;5;organism;2
1767;recruit;5;lying;2
1768;rasczak;5;thomas;2
1769;kepheus;5;freight;2
1770;blame;5;se;2
1771;madness;5;firewood;2
1772;embrace;5;simplicity;2
1773;fruit;5;reign;2
1774;ruler;5;england;2
1775;fortune;5;capital;2
1776;recorder;5;tatopoulos;2
1777;chop;5;theft;2
1778;backup;5;basement;2
1779;weight;5;silk;2
1780;groan;5;banquet;2
1781;nero;5;enemy;2
1782;carpet;5;dump;2
1783;foster;5;creator;2
1784;sasha;5;tender;2
1785;circuit;5;bark;2
1786;citizen;5;kneel;2
1787;mist;5;lap;2
1788;grey;5;bronze;2
1789;micker;5;restaurant;2
1790;juice;5;hint;2
1791;cave;5;aid;2
1792;alpha;5;annie;2
1793;jayne;5;baseball;2
1794;velocity;5;healing;2
1795;flicker;5;load;2
1796;justice;5;majesty;2
1797;prague;5;whatever;2
1798;battery;5;belt;2
1799;shiftwell;5;px;2
1800;smart;5;ahhhh;2
1801;march;5;sweetheart;2
1802;savage;5;ada;2
1803;alert;5;gap;2
1804;larry;5;liver;2
1805;sausage;5;chatter;2
1806;manage;5;shiftwell;2
1807;missile;5;pace;2
1808;outer;5;mainframe;2
1809;baxter;5;behavior;2
1810;globe;5;error;2
1811;quality;5;pack;2
1812;awe;5;demon;2
1813;whoah;5;monroe;2
1814;cent;5;chase;2
1815;well;5;funny;2
1816;turbulence;5;cigar;2
1817;lose;5;rabid;2
1818;cricket;5;fabrication;2
1819;hq;5;maker;2
1820;ear;5;cheer;2
1821;education;5;alignment;2
1822;pardon;5;jumpsuit;2
1823;solution;5;letting;2
1824;mel;5;deputy;2
1825;credit;5;radiator;2
1826;lucy;5;charon;2
1827;grade;5;portcullis;2
1828;spending;5;cheerleader;2
1829;quarterback;5;bounce;2
1830;observation;5;bouncy;2
1831;neuralizer;5;pale;2
1832;continent;5;roth;2
1833;kit;5;mummy;2
1834;human;5;gimme;2
1835;surrender;5;pounding;2
1836;grief;5;zombie;2
1837;dig;5;karmann;2
1838;merlin;5;simulation;2
1839;ahhh;5;lifeless;2
1840;tale;5;ieukpalliktuq;2
1841;gesture;5;phhhhhht;2
1842;josephine;5;alison;2
1843;stability;5;stench;2
1844;interference;5;luke;2
1845;koom;5;forward;2
1846;tourist;5;glow;2
1847;flavor;5;poster;2
1848;moi;5;skull;2
1849;mob;5;faint;2
1850;hallelujah;5;club;2
1851;doll;5;department;2
1852;ellie;5;tech;2
1853;beacon;5;draw;2
1854;airport;5;lane;2
1855;quintus;5;vice;2
1856;fist;5;menace;2
1857;ruin;5;rescuer;2
1858;lion;5;mardi;2
1859;secret;5;resistance;2
1860;corridor;5;quert;2
1861;realm;5;ga;2
1862;task;5;flashback;2
1863;organization;5;ahhaha;2
1864;cuz;5;mug;2
1865;cue;5;sent;2
1866;tamburlane;5;clatter;2
1867;ariadne;5;tri;2
1868;insectopia;5;button;2
1869;queen;5;protect;2
1870;safer;5;sensation;2
1871;collection;5;expense;2
1872;puente;5;squeeze;2
1873;babcock;5;judy;2
1874;puppet;5;exercise;2
1875;ancient;5;dimondium;2
1876;monkey;5;sink;2
1877;gear;5;safer;2
1878;nefario;5;gatherer;2
1879;sonofabitch;5;engage;2
1880;bear;5;respiration;2
1881;skynet;5;lieutenant;2
1882;pattern;5;chant;2
1883;progress;5;casino;2
1884;instant;5;survey;2
1885;ohh;5;salvation;2
1886;panhead;5;wig;2
1887;inspector;5;duct;2
1888;penzance;5;feller;2
1889;ada;5;ghia;2
1890;royalty;5;cha;2
1891;lieutenant;5;stream;2
1892;buckle;5;toy;2
1893;pin;5;halloween;2
1894;pie;5;impress;2
1895;poison;5;infection;2
1896;blur;5;fiery;2
1897;forehead;5;account;2
1898;rank;5;repairman;2
1899;fiction;5;process;2
1900;tool;5;tag;2
1901;serve;5;slip;2
1902;plenty;5;purpose;2
1903;pinocchio;5;panic;2
1904;claude;5;attend;2
1905;farquaad;5;thunderstorm;2
1906;tommy;5;notebook;2
1907;confusion;5;prance;2
1908;wear;5;robot;2
1909;goddess;5;vector;2
1910;beef;5;meter;2
1911;snipe;5;bunch;2
1912;avatar;5;perfect;2
1913;icy;5;choose;2
1914;bargain;5;antidote;2
1915;tie;5;forest;2
1916;clouds;5;puente;2
1917;crisis;5;snake;2
1918;judy;5;auto;2
1919;array;5;cider;2
1920;bounty;5;maneuvering;2
1921;rent;5;lingerie;2
1922;playing;5;guten;2
1923;region;5;shannon;2
1924;helicopter;5;defend;2
1925;statue;5;reboot;2
1926;furniture;5;messenger;2
1927;towel;5;lecture;2
1928;jeez;5;comrade;2
1929;grasp;5;florida;2
1930;deserve;5;scare;2
1931;follow;5;cinderella;2
1932;musta;5;type;2
1933;rekall;5;hiding;2
1934;wrestler;5;ancient;2
1935;bout;5;priority;2
1936;marcus;5;allinol;2
1937;stall;5;ton;2
1938;grotesque;5;cabin;2
1939;sweet;5;shell;2
1940;rig;5;gotcha;2
1941;delta;5;policeman;2
1942;insect;5;beg;2
1943;cruiser;5;ventilation;2
1944;survivor;5;lover;2
1945;tag;5;drunk;2
1946;rape;5;clip;2
1947;budge;5;realizes;2
1948;holiday;5;courtesy;2
1949;practice;5;draws;2
1950;joe;5;volume;2
1951;growth;5;burden;2
1952;brush;5;knowledge;2
1953;cake;5;jay;2
1954;oooh;4;sonofabitch;2
1955;eagle;4;drawn;2
1956;brought;4;evolution;2
1957;passport;4;shu;2
1958;paperwork;4;h;2
1959;blade;4;contain;2
1960;volcano;4;madam;2
1961;wash;4;lazy;2
1962;collapse;4;intensity;2
1963;dozer;4;closet;2
1964;bush;4;pattern;2
1965;carbon;4;weird;2
1966;blonde;4;joy;2
1967;fry;4;magi;2
1968;disguise;4;seaboard;2
1969;projection;4;powerless;2
1970;hah;4;jersey;2
1971;ham;4;comment;2
1972;fox;4;tuesday;2
1973;fog;4;laugh;2
1974;flood;4;sara;2
1975;thorkel;4;curtain;2
1976;subway;4;define;2
1977;address;4;psi;2
1978;brilliant;4;accident;2
1979;fake;4;bull;2
1980;afford;4;volunteer;2
1981;virtue;4;commodus;2
1982;monitoring;4;value;2
1983;thump;4;maul;2
1984;nation;4;erik;2
1985;formula;4;krakaboom;2
1986;emotion;4;salma;2
1987;draft;4;delusion;2
1988;roadside;4;matthew;2
1989;krishna;4;speaker;2
1990;surgery;4;bernoulli;2
1991;canoe;4;suzy;2
1992;summer;4;effect;2
1993;rover;4;judgment;2
1994;gurney;4;airlock;2
1995;ad;4;destruction;2
1996;ar;4;protector;2
1997;mass;4;mention;2
1998;appointment;4;shotgun;2
1999;revealing;4;ron;2
2000;hugo;4;flesh;2
2001;cockpit;4;web;2
2002;bumper;4;taigaa;2
2003;guest;4;tight;2
2004;sell;4;cage;2
2005;nail;4;crack;2
2006;cease;4;branch;2
2007;europe;4;desk;2
2008;loan;4;loss;2
2009;hitting;4;stabilize;2
2010;admire;4;miami;2
2011;error;4;self;2
2012;funny;4;holley;2
2013;wasteland;4;leap;2
2014;goblet;4;locate;2
2015;admission;4;biology;2
2016;ivan;4;murderer;2
2017;bounce;4;universe;2
2018;custom;4;madame;2
2019;totem;4;sweat;2
2020;klingon;4;software;2
2021;defeat;4;cocoa;2
2022;standing;4;transfer;2
2023;charity;4;frustration;2
2024;customer;4;north;2
2025;bent;4;stadium;2
2026;notebook;4;hu;2
2027;dock;4;gain;2
2028;society;4;lynn;2
2029;architecture;4;territory;2
2030;philosophy;4;wise;2
2031;soap;4;flip;2
2032;smash;4;excitement;2
2033;destiny;4;burger;2
2034;staring;4;pie;2
2035;drug;4;pig;2
2036;eta;4;rule;2
2037;mailman;4;goodness;2
2038;medallion;4;education;2
2039;commodus;4;contest;2
2040;gibbs;4;detail;2
2041;bald;4;cliff;2
2042;footage;4;portion;2
2043;blanket;4;augustine;1
2044;bunker;4;windscreen;1
2045;bro;4;foul;1
2046;glance;4;increase;1
2047;devastation;4;pardon;1
2048;tnt;4;abundance;1
2049;bennett;4;sinew;1
2050;agony;4;daze;1
2051;disappoint;4;lionel;1
2052;ladder;4;sinking;1
2053;greet;4;lure;1
2054;japan;4;gobbler;1
2055;network;4;dispense;1
2056;forth;4;void;1
2057;barrier;4;prowls;1
2058;standard;4;fishbowl;1
2059;manner;4;soap;1
2060;bruce;4;frailty;1
2061;draws;4;sherlock;1
2062;com;4;pinch;1
2063;royal;4;hapaya;1
2064;aim;4;methane;1
2065;remo;4;jamaica;1
2066;tissue;4;infancy;1
2067;drip;4;harold;1
2068;illustration;4;pulse;1
2069;horizon;4;chef;1
2070;wasting;4;gator;1
2071;float;4;aristocrat;1
2072;prayer;4;cactus;1
2073;flask;4;itcitem;1
2074;revolution;4;blue;1
2075;marker;4;rope;1
2076;market;4;carmath;1
2077;moneypenny;4;solemn;1
2078;caw;4;pooky;1
2079;clothing;4;verus;1
2080;staircase;4;frank;1
2081;nod;4;neat;1
2082;marine;4;net;1
2083;breed;4;told;1
2084;slap;4;spunky;1
2085;snack;4;drew;1
2086;cannon;4;socialize;1
2087;leather;4;watts;1
2088;courtyard;4;chino;1
2089;ruby;4;cardboard;1
2090;sportster;4;dork;1
2091;document;4;property;1
2092;trawler;4;mantis;1
2093;spyros;4;robin;1
2094;listening;4;goddamnit;1
2095;lorien;4;stabbin;1
2096;trunk;4;biometric;1
2097;iraq;4;godmother;1
2098;arena;4;feelings;1
2099;zim;4;viscera;1
2100;invasion;4;sooooo;1
2101;gps;4;corncrib;1
2102;camouflage;4;provocative;1
2103;lit;4;plow;1
2104;mace;4;spoke;1
2105;clean;4;mexico;1
2106;x;4;milburn;1
2107;vessel;4;denmark;1
2108;determination;4;assessment;1
2109;wherever;4;preparation;1
2110;darrell;4;hereby;1
2111;retirement;4;underwear;1
2112;creation;4;curvature;1
2113;rub;4;warm;1
2114;react;4;unstrap;1
2115;nah;4;goddammit;1
2116;inspection;4;pursue;1
2117;feller;4;crest;1
2118;hudson;4;gasoline;1
2119;scoop;4;receice;1
2120;slide;4;dock;1
2121;magnitude;4;foliage;1
2122;portcullis;4;guise;1
2123;advisor;4;fortress;1
2124;florida;4;clinging;1
2125;fella;4;vodka;1
2126;ankle;4;wand;1
2127;arc;4;flung;1
2128;odinson;4;ofa;1
2129;impression;4;hon;1
2130;tire;4;agony;1
2131;terrain;4;methodology;1
2132;yay;4;blackness;1
2133;sara;4;morbid;1
2134;poet;4;rewind;1
2135;balloon;4;aunt;1
2136;roth;4;resignation;1
2137;journal;4;raleigh;1
2138;hurls;4;wronct;1
2139;wimp;4;scion;1
2140;pa;4;exocet;1
2141;hm;4;swing;1
2142;winch;4;delicacy;1
2143;display;4;possum;1
2144;piken;4;suli;1
2145;cavalry;4;summarize;1
2146;contest;4;arch;1
2147;vector;4;appreciate;1
2148;haze;4;headquarters;1
2149;net;4;greet;1
2150;county;4;childhood;1
2151;edward;4;complexity;1
2152;survive;4;jungle;1
2153;warm;4;workstation;1
2154;starfleet;4;hiiiiyah;1
2155;escort;4;blossom;1
2156;saturn;4;brutal;1
2157;bai;4;mayor;1
2158;sorta;4;dreamer;1
2159;basis;4;beside;1
2160;dash;4;chihuahua;1
2161;neal;4;gutter;1
2162;suppose;4;wilting;1
2163;colosseum;4;embroider;1
2164;mouse;4;valor;1
2165;kim;4;fin;1
2166;super;4;versus;1
2167;magazine;4;therapy;1
2168;romulus;4;one;1
2169;timing;4;bony;1
2170;fort;4;jotunheim;1
2171;laura;4;herald;1
2172;mile;4;arrow;1
2173;transportation;4;fitness;1
2174;aurelius;4;bone;1
2175;boo;4;improvise;1
2176;making;4;monolith;1
2177;sample;4;jillian;1
2178;max;4;commune;1
2179;mae;4;displacement;1
2180;preacher;4;trading;1
2181;jail;4;magazine;1
2182;deposit;4;caveman;1
2183;jock;4;whoosh;1
2184;canada;4;george;1
2185;fast;4;laid;1
2186;sulu;4;moisture;1
2187;performance;4;millennium;1
2188;dick;4;restraint;1
2189;pump;4;rh;1
2190;crusher;4;independence;1
2191;odyssey;4;grease;1
2192;strait;4;homework;1
2193;middle;4;carcass;1
2194;lava;4;rail;1
2195;humbaba;4;formation;1
2196;pal;4;boosting;1
2197;assist;4;jackman;1
2198;companion;4;amazement;1
2199;grip;4;kit;1
2200;lightning;4;knit;1
2201;pasture;4;silent;1
2202;corsa;4;diggeri;1
2203;imagination;4;aisle;1
2204;lifetime;4;lout;1
2205;casualty;4;shush;1
2206;kuwait;4;hopeless;1
2207;chekov;4;terminator;1
2208;diamond;4;blackout;1
2209;shark;4;loud;1
2210;breathing;4;stripe;1
2211;compound;4;key;1
2212;hart;4;claxon;1
2213;motherfucker;4;grade;1
2214;compartment;4;hoop;1
2215;dentist;4;bombard;1
2216;b;4;accessway;1
2217;youth;4;damnit;1
2218;build;4;drones;1
2219;thomas;4;tangle;1
2220;kosar;4;fahrenheit;1
2221;mailbox;4;fence;1
2222;fashion;4;whorehouse;1
2223;ahhhh;4;seduction;1
2224;assignment;4;gravel;1
2225;spent;4;sumatra;1
2226;morrow;4;stack;1
2227;chemistry;4;corvette;1
2228;judgement;4;haaaaaaa;1
2229;scale;4;compromise;1
2230;jewelry;4;starfleet;1
2231;currency;4;tom;1
2232;peanut;4;critter;1
2233;brigade;4;farming;1
2234;paddle;4;bitter;1
2235;manny;4;illiterate;1
2236;limb;4;mutata;1
2237;trail;4;stuffed;1
2238;infantry;4;mechanism;1
2239;lt;4;realization;1
2240;dan;4;crate;1
2241;hatchet;4;wisdom;1
2242;frank;4;sshhh;1
2243;slack;4;drool;1
2244;tide;4;princessat;1
2245;mix;4;strung;1
2246;deliver;4;kosar;1
2247;comment;4;coward;1
2248;vent;4;werewolf;1
2249;laugh;4;bethany;1
2250;judgment;4;guilt;1
2251;conrad;4;hallucination;1
2252;hail;4;bidder;1
2253;bogey;4;hulk;1
2254;flip;4;helluva;1
2255;groom;4;ran;1
2256;pig;4;boston;1
2257;hitch;4;agility;1
2258;encounter;4;ginger;1
2259;intercut;4;manner;1
2260;patience;4;mongke;1
2261;jango;4;gymnasium;1
2262;mu;4;ponder;1
2263;jungle;4;elegance;1
2264;perimeter;4;gazing;1
2265;motel;4;fitting;1
2266;got;4;luxury;1
2267;tow;4;hatch;1
2268;handkerchief;4;glasse;1
2269;hatch;4;limitless;1
2270;submarine;4;sue;1
2271;cracker;4;mario;1
2272;millie;4;eurotrash;1
2273;springtime;4;organization;1
2274;ocean;4;bse;1
2275;roach;4;konstantin;1
2276;rumor;4;grave;1
2277;hung;4;brien;1
2278;khaki;4;dummy;1
2279;xander;4;doo;1
2280;cellphone;4;treaty;1
2281;tip;4;reputation;1
2282;tim;4;dovey;1
2283;rod;4;bfthany;1
2284;passage;4;sarlaac;1
2285;environment;4;pointy;1
2286;deirdre;4;reserve;1
2287;valentin;4;whimper;1
2288;emerge;4;inspire;1
2289;iphone;4;marvel;1
2290;prep;4;presentation;1
2291;riot;4;prix;1
2292;chapter;4;asia;1
2293;stroke;4;quad;1
2294;cutter;4;turnbull;1
2295;bullion;4;july;1
2296;hub;4;apace;1
2297;oath;4;execution;1
2298;powder;4;peck;1
2299;ability;4;divinity;1
2300;senator;4;spite;1
2301;pot;4;tyko;1
2302;director;4;cripple;1
2303;reward;4;brimstone;1
2304;communicate;4;announce;1
2305;djinn;4;personality;1
2306;lack;4;erasure;1
2307;fat;4;mixture;1
2308;tey;4;di;1
2309;crust;4;hostility;1
2310;brief;4;conduct;1
2311;shoulda;4;ventricle;1
2312;proceed;4;cushion;1
2313;flag;4;izod;1
2314;teague;4;considerate;1
2315;pond;4;layout;1
2316;departure;4;win;1
2317;avenue;4;microscope;1
2318;grimm;4;troop;1
2319;temperature;4;chromatograph;1
2320;option;4;release;1
2321;rifle;4;wannabe;1
2322;outfit;4;steak;1
2323;license;4;respond;1
2324;annie;4;blew;1
2325;sweep;4;resist;1
2326;ravi;4;australia;1
2327;brick;4;damnation;1
2328;ahab;4;subject;1
2329;behavior;4;capacity;1
2330;demon;4;gentleman;1
2331;rip;4;continent;1
2332;negotiate;4;luminescent;1
2333;prof;4;sais;1
2334;jameson;4;cooperation;1
2335;plunge;4;mum;1
2336;warning;4;ira;1
2337;simon;4;timber;1
2338;drinking;4;handwritten;1
2339;reunion;4;accord;1
2340;acid;4;purity;1
2341;ape;4;sera;1
2342;heir;4;termite;1
2343;cooperate;4;boss;1
2344;sis;4;toothbrush;1
2345;serum;4;wear;1
2346;tension;4;unfold;1
2347;priority;4;gentry;1
2348;allinol;4;roller;1
2349;inner;4;cop;1
2350;shell;4;eggnog;1
2351;wha;4;ell;1
2352;cartrip;4;disdain;1
2353;leviathan;4;cod;1
2354;canopy;4;tagline;1
2355;student;4;blooming;1
2356;vortex;4;distinction;1
2357;campfire;4;browser;1
2358;surge;4;con;1
2359;gelato;4;tone;1
2360;foul;3;vain;1
2361;budget;3;shakusky;1
2362;reporter;3;aback;1
2363;avery;3;angel;1
2364;herb;3;beef;1
2365;calculate;3;mobilization;1
2366;k;3;bikinis;1
2367;spoke;3;futility;1
2368;example;3;grotto;1
2369;caution;3;shoulda;1
2370;headquarters;3;commission;1
2371;dreamer;3;schoolroom;1
2372;fit;3;jackass;1
2373;prize;3;scarecrow;1
2374;telescope;3;ann;1
2375;laboratory;3;nasgawa;1
2376;whip;3;mushroom;1
2377;foundation;3;chum;1
2378;silicon;3;mcc;1
2379;convention;3;yalam;1
2380;shyla;3;madhouse;1
2381;hum;3;tide;1
2382;verdandi;3;heeyaaahh;1
2383;howl;3;hat;1
2384;grunt;3;aim;1
2385;layout;3;suppose;1
2386;menu;3;religion;1
2387;bust;3;procedure;1
2388;fair;3;imagination;1
2389;goodnight;3;alkaloid;1
2390;result;3;equator;1
2391;fail;3;sushi;1
2392;roller;3;anatoly;1
2393;quaritch;3;tissue;1
2394;extraction;3;cone;1
2395;hai;3;kuwaitis;1
2396;bobby;3;colosseum;1
2397;alice;3;miniature;1
2398;attorney;3;suggest;1
2399;valium;3;jerry;1
2400;wrap;3;forehead;1
2401;pest;3;rapunzel;1
2402;whoever;3;harmony;1
2403;settle;3;voiceover;1
2404;rosenberg;3;satellite;1
2405;climbs;3;screw;1
2406;offense;3;kajatar;1
2407;suck;3;fooshie;1
2408;data;3;intrusion;1
2409;bowling;3;riddle;1
2410;container;3;smoker;1
2411;internet;3;withdraws;1
2412;possibility;3;ocean;1
2413;chubby;3;snigger;1
2414;tamara;3;alabama;1
2415;realization;3;bugger;1
2416;bright;3;capitol;1
2417;slot;3;sentence;1
2418;cloak;3;yea;1
2419;otis;3;yeb;1
2420;robe;3;yee;1
2421;west;3;livin;1
2422;cobol;3;beset;1
2423;scholarship;3;yep;1
2424;slime;3;terrific;1
2425;generator;3;stray;1
2426;clad;3;han;1
2427;claw;3;instance;1
2428;torso;3;ease;1
2429;agree;3;character;1
2430;al;3;rrreeyaaah;1
2431;ta;3;hay;1
2432;investment;3;east;1
2433;legend;3;plasma;1
2434;scan;3;bustle;1
2435;distortion;3;turquoise;1
2436;sucker;3;kiloton;1
2437;swimsuit;3;survival;1
2438;england;3;online;1
2439;psychology;3;pet;1
2440;w;3;luminescence;1
2441;jen;3;fusion;1
2442;sl;3;breather;1
2443;legs;3;opa;1
2444;toruk;3;destroy;1
2445;barrel;3;strap;1
2446;writer;3;burnt;1
2447;weaver;3;dreams;1
2448;lass;3;dishonest;1
2449;jocelyn;3;banshee;1
2450;hint;3;hunh;1
2451;extreme;3;amor;1
2452;caleb;3;whomever;1
2453;mal;3;clich;1
2454;templeton;3;attorney;1
2455;sima;3;creek;1
2456;pinball;3;deaf;1
2457;deti;3;dead;1
2458;benefit;3;printer;1
2459;halbrook;3;repheus;1
2460;competition;3;prick;1
2461;scrub;3;theatre;1
2462;suppression;3;centre;1
2463;torture;3;romanov;1
2464;harbor;3;seriphos;1
2465;rach;3;conquering;1
2466;dimondium;3;peek;1
2467;gatherer;3;bold;1
2468;opinion;3;brawl;1
2469;drill;3;blackmail;1
2470;delay;3;peed;1
2471;meantime;3;cork;1
2472;shortage;3;phew;1
2473;frequency;3;losing;1
2474;agriculture;3;chapter;1
2475;embarrass;3;depressurize;1
2476;scent;3;yelling;1
2477;grandpa;3;plum;1
2478;steed;3;cawing;1
2479;bother;3;cliche;1
2480;ferry;3;azure;1
2481;jar;3;worksite;1
2482;jackpot;3;float;1
2483;meter;3;gojira;1
2484;pistol;3;taffy;1
2485;shiite;3;vamat;1
2486;yeow;3;wrap;1
2487;hardware;3;gauzy;1
2488;romance;3;shhhh;1
2489;raymond;3;flying;1
2490;glup;3;transform;1
2491;combine;3;starve;1
2492;replacement;3;creation;1
2493;escalade;3;fascination;1
2494;avoid;3;converse;1
2495;passion;3;gleam;1
2496;function;3;landing;1
2497;funnel;3;back;1
2498;excitement;3;beech;1
2499;recognize;3;fort;1
2500;variety;3;absent;1
2501;integrity;3;injury;1
2502;chapel;3;pavilion;1
2503;nigger;3;input;1
2504;triumph;3;adler;1
2505;horn;3;muster;1
2506;toll;3;ticonderoga;1
2507;crunch;3;riverwater;1
2508;thrust;3;minor;1
2509;total;3;clarke;1
2510;jotuns;3;diagnose;1
2511;erv;3;passenger;1
2512;era;3;basilica;1
2513;provide;3;phil;1
2514;lah;3;toss;1
2515;hussein;3;cane;1
2516;mayor;3;padopolus;1
2517;anastasia;3;manure;1
2518;jimbo;3;gemini;1
2519;thick;3;exist;1
2520;mercy;3;prayer;1
2521;reserve;3;deuterium;1
2522;subtle;3;graft;1
2523;squadron;3;rough;1
2524;handful;3;saber;1
2525;cow;3;tit;1
2526;hab;3;molester;1
2527;cylinder;3;stake;1
2528;brake;3;tip;1
2529;descent;3;til;1
2530;plasma;3;hometree;1
2531;peer;3;tin;1
2532;bound;3;tie;1
2533;anheuser;3;whey;1
2534;shrine;3;eternity;1
2535;convincing;3;flagon;1
2536;pacer;3;intend;1
2537;reception;3;tasteful;1
2538;concept;3;handicap;1
2539;rebecca;3;sunroof;1
2540;gum;3;kirk;1
2541;regret;3;taurus;1
2542;bravo;3;papadam;1
2543;prove;3;persecution;1
2544;chip;3;humor;1
2545;jelva;3;spy;1
2546;discussion;3;weeeeee;1
2547;desperation;3;jewelry;1
2548;non;3;francine;1
2549;ey;3;puss;1
2550;cart;3;pacer;1
2551;blink;3;signore;1
2552;gasp;3;quandary;1
2553;sheer;3;prow;1
2554;silent;3;loyal;1
2555;karate;3;slope;1
2556;grotto;3;whoever;1
2557;forever;3;skip;1
2558;ferrari;3;excellent;1
2559;title;3;licence;1
2560;asleep;3;horseback;1
2561;article;3;laura;1
2562;cesspool;3;crocodile;1
2563;tradition;3;manager;1
2564;coordinate;3;convoy;1
2565;taxi;3;rot;1
2566;treatment;3;deluca;1
2567;oblivion;3;row;1
2568;manhood;3;elizabeth;1
2569;transporter;3;pen;1
2570;hire;3;craaaaack;1
2571;miguel;3;violation;1
2572;describe;3;electricity;1
2573;storage;3;flock;1
2574;kalibos;3;scrawny;1
2575;heaven;3;periphery;1
2576;sedation;3;federation;1
2577;suicide;3;billionaire;1
2578;conviction;3;liability;1
2579;archie;3;congregation;1
2580;authorization;3;deirdre;1
2581;workstation;3;vladimir;1
2582;spectre;3;magnet;1
2583;cupcake;3;settle;1
2584;breckinridge;3;q;1
2585;lament;3;traitor;1
2586;trance;3;shave;1
2587;lin;3;prevent;1
2588;scotland;3;bulldozer;1
2589;randy;3;regret;1
2590;basement;3;somber;1
2591;muntz;3;colin;1
2592;perfume;3;laparotomy;1
2593;bethlehem;3;eating;1
2594;spray;3;bake;1
2595;buzz;3;headset;1
2596;jefe;3;curse;1
2597;implosion;3;tartare;1
2598;maintenance;3;disease;1
2599;fenland;3;remain;1
2600;territory;3;melt;1
2601;walter;3;switch;1
2602;looo;3;shrugs;1
2603;belong;3;suspect;1
2604;marco;3;trot;1
2605;donny;3;mach;1
2606;nonsense;3;homeworld;1
2607;dull;3;hairy;1
2608;kidney;3;explosion;1
2609;drag;3;ms;1
2610;swede;3;climbs;1
2611;v8;3;passage;1
2612;salvation;3;ouch;1
2613;singing;3;understanding;1
2614;hiding;3;elbow;1
2615;visibility;3;illustration;1
2616;skirt;3;erm;1
2617;poetry;3;deceit;1
2618;arrangement;3;merriment;1
2619;costume;3;precursor;1
2620;cruise;3;teaching;1
2621;pure;3;craziness;1
2622;measure;3;visibility;1
2623;attach;3;cinnamon;1
2624;instance;3;bon;1
2625;vengeance;3;boo;1
2626;violation;3;raccoon;1
2627;bloodline;3;satan;1
2628;fridge;3;orient;1
2629;nightmare;3;jar;1
2630;sabotage;3;prefer;1
2631;tuesday;3;ipo;1
2632;poem;3;percentage;1
2633;harder;3;verge;1
2634;speaker;3;canis;1
2635;taller;3;employer;1
2636;competitor;3;market;1
2637;centaur;3;citizen;1
2638;invisibility;3;wealth;1
2639;exposure;3;a95;1
2640;north;3;dangle;1
2641;evacuate;3;hong;1
2642;helluva;3;scope;1
2643;mee;3;klaxon;1
2644;screams;3;wept;1
2645;permit;3;oof;1
2646;keith;3;barcalow;1
2647;oleg;3;douche;1
2648;terminator;3;beaver;1
2649;ventilation;3;zhao;1
2650;roast;3;ulo;1
2651;forgot;3;gunfire;1
2652;resume;3;tatopoulis;1
2653;loud;3;december;1
2654;cleaning;3;awesome;1
2655;mini;3;sample;1
2656;dom;3;abort;1
2657;sheryl;3;surround;1
2658;stow;3;serum;1
2659;ban;3;pink;1
2660;reference;3;obsession;1
2661;sail;3;savor;1
2662;gwen;3;tilt;1
2663;commission;3;strongroom;1
2664;reservation;3;pine;1
2665;exception;3;swore;1
2666;tank;3;guarantee;1
2667;yer;3;pint;1
2668;legion;3;product;1
2669;squad;3;laundry;1
2670;background;3;eighty;1
2671;somehow;3;birthday;1
2672;tracker;3;mad;1
2673;fork;3;temperate;1
2674;undergrowth;3;pulley;1
2675;approval;3;ruuugh;1
2676;sale;3;liquid;1
2677;magellan;3;gollum;1
2678;weekend;3;benny;1
2679;apology;3;fluent;1
2680;assume;3;inform;1
2681;countdown;3;si;1
2682;iraqi;3;basket;1
2683;dwarf;3;sa;1
2684;wail;3;crumple;1
2685;clerk;3;cubs;1
2686;stem;3;sonnet;1
2687;ooh;3;josephine;1
2688;claim;3;forfeit;1
2689;pine;3;blare;1
2690;waist;3;kong;1
2691;tall;3;nitrogen;1
2692;shake;3;radioshack;1
2693;forecourt;3;tendency;1
2694;planitia;3;jock;1
2695;broadcast;3;culmination;1
2696;preston;3;avid;1
2697;cheeseburger;3;apex;1
2698;gee;3;interesting;1
2699;yield;3;comic;1
2700;cancel;3;curls;1
2701;mare;3;stroll;1
2702;encryption;3;ahh;1
2703;mart;3;cutter;1
2704;protein;3;meenie;1
2705;pad;3;mchibbon;1
2706;hyah;3;nod;1
2707;solve;3;adrenaline;1
2708;gloom;3;hamilton;1
2709;pronounce;3;halo;1
2710;erase;3;miini;1
2711;lotta;3;yorgi;1
2712;resign;3;hickory;1
2713;roar;3;james;1
2714;wilde;3;quadrant;1
2715;einstein;3;vogue;1
2716;powerless;3;el;1
2717;remote;3;stalling;1
2718;suburban;3;retrieve;1
2719;sunk;3;ry63;1
2720;slung;3;vane;1
2721;neighborhood;3;ed;1
2722;perspective;3;axlerod;1
2723;lawyer;3;ew;1
2724;ranger;3;uhuh;1
2725;bobek;3;sunrise;1
2726;deb;3;album;1
2727;dee;3;profit;1
2728;chute;3;darrow;1
2729;good;3;interference;1
2730;clamp;3;investigation;1
2731;razor;3;internet;1
2732;statement;3;eywa;1
2733;duct;3;receiving;1
2734;godfather;3;correct;1
2735;charm;3;simile;1
2736;ka;3;booby;1
2737;townspeople;3;willya;1
2738;pellet;3;curby;1
2739;ram;3;smudge;1
2740;gay;3;shh;1
2741;monroe;3;california;1
2742;italy;3;isabela;1
2743;beanie;3;obligation;1
2744;spend;3;cough;1
2745;timber;3;seventy;1
2746;snap;3;ministry;1
2747;magnificent;3;calms;1
2748;back;3;deprivation;1
2749;pen;3;programming;1
2750;patient;3;pleasant;1
2751;slams;3;note;1
2752;lesson;3;dickybird;1
2753;forward;3;insist;1
2754;invite;3;rink;1
2755;immigration;3;impossible;1
2756;curb;3;drove;1
2757;quert;3;ock;1
2758;surgeon;3;sheet;1
2759;crow;3;wrath;1
2760;insertion;3;wishbone;1
2761;sink;3;kinney;1
2762;potus;3;yin;1
2763;tap;3;yggdrasil;1
2764;tar;3;nightlife;1
2765;f;3;wagging;1
2766;lame;3;exoskeleton;1
2767;forest;3;moscow;1
2768;revs;3;vilko;1
2769;profile;3;expanse;1
2770;grampa;3;formaldehyde;1
2771;la;3;eyed;1
2772;dah;3;shirley;1
2773;thrill;3;hunch;1
2774;strip;3;silwanin;1
2775;stud;3;recruit;1
2776;lecture;3;barkoviac;1
2777;overshoot;3;karate;1
2778;chewie;3;janitor;1
2779;cabin;3;russia;1
2780;sidecar;3;sublime;1
2781;mid;3;favore;1
2782;gather;3;pre;1
2783;deuterium;3;register;1
2784;mug;3;ahhhhhhhh;1
2785;demigod;3;slaw;1
2786;perfection;3;correction;1
2787;curtain;3;bennie;1
2788;proposal;3;argument;1
2789;define;3;ant;1
2790;multi;3;say;1
2791;airlock;3;slam;1
2792;voltage;3;revoir;1
2793;bench;3;anger;1
2794;kuala;3;marathon;1
2795;tomb;3;mm;1
2796;memphis;3;gantry;1
2797;corporation;3;wink;1
2798;detail;3;veteran;1
2799;gillespie;3;snout;1
2800;formica;3;animation;1
2801;venus;3;laem;1
2802;punishment;3;butterfly;1
2803;dizzy;3;betrayal;1
2804;bunk;3;insanity;1
2805;poker;3;assault;1
2806;salsa;3;knee;1
2807;fade;3;america;1
2808;hypergate;3;mortem;1
2809;explode;3;icon;1
2810;saturday;3;lawn;1
2811;evil;3;radioactive;1
2812;hearing;3;montage;1
2813;percentage;3;sunset;1
2814;ran;3;axe;1
2815;flow;3;madison;1
2816;treaty;3;heap;1
2817;mixture;3;hairpin;1
2818;geek;3;trespass;1
2819;habit;3;bedside;1
2820;liquor;3;shoe;1
2821;disengage;3;mister;1
2822;jello;3;snack;1
2823;procedure;3;favorite;1
2824;dylan;3;genius;1
2825;charlie;3;dick;1
2826;grader;3;cheeseburger;1
2827;zoom;3;betrothal;1
2828;hunh;3;slob;1
2829;choke;3;developed;1
2830;surround;3;outrage;1
2831;sunlight;3;enthusiasm;1
2832;virgin;3;robe;1
2833;counsel;3;hostage;1
2834;trio;3;admiration;1
2835;tis;3;clang;1
2836;tin;3;itc;1
2837;eternity;3;inspection;1
2838;affair;3;procreation;1
2839;rob;3;gee;1
2840;focus;3;telekinesis;1
2841;rot;3;hedge;1
2842;coop;3;treachery;1
2843;federation;3;object;1
2844;quick;3;reveal;1
2845;lever;3;yield;1
2846;healing;3;priest;1
2847;sheriff;3;ruddy;1
2848;altar;3;spaniard;1
2849;hydrogen;3;honesty;1
2850;afterlife;3;burst;1
2851;cocktail;3;sludge;1
2852;sweatlodge;3;psychosis;1
2853;liquid;3;seal;1
2854;holloway;3;hyaaaah;1
2855;ahm;3;sport;1
2856;boobs;3;incisor;1
2857;girder;3;mortgage;1
2858;population;3;generosity;1
2859;pry;3;tetis;1
2860;surf;3;whippet;1
2861;icos;3;outside;1
2862;believing;3;bureau;1
2863;wooo;3;apparition;1
2864;aluminum;3;reading;1
2865;spaniard;3;topolino;1
2866;parking;3;fearless;1
2867;arrival;3;mosquitos;1
2868;latticework;3;handkerchief;1
2869;contract;3;coma;1
2870;satisfaction;3;je;1
2871;coupe;3;installation;1
2872;schoolboy;3;wingless;1
2873;gracchus;3;tour;1
2874;careful;3;workplace;1
2875;cast;3;wallaby;1
2876;pippa;3;backpack;1
2877;telephone;3;jammer;1
2878;bowl;3;madness;1
2879;footprint;3;spoil;1
2880;violent;3;pot;1
2881;halfway;3;dispatch;1
2882;blog;3;accusation;1
2883;jeep;3;pole;1
2884;pistachio;3;rotisserie;1
2885;tribe;3;marshall;1
2886;determine;3;approval;1
2887;yah;3;disgrace;1
2888;amongst;3;tornado;1
2889;cabinet;3;underworld;1
2890;felix;3;maru;1
2891;britain;3;dictator;1
2892;rubber;3;hobo;1
2893;briefly;3;beams;1
2894;cove;3;tallest;1
2895;treason;3;reflex;1
2896;darling;3;jfk;1
2897;flick;3;admantium;1
2898;version;3;monsieur;1
2899;semester;3;nikon;1
2900;equation;3;calligraphy;1
2901;pony;3;shaft;1
2902;buenos;3;gadge;1
2903;shore;3;cure;1
2904;maneuver;3;scum;1
2905;soccer;3;mound;1
2906;woulda;3;margin;1
2907;generation;3;dwarf;1
2908;canon;3;coolest;1
2909;deja;3;silicone;1
2910;brave;3;awww;1
2911;moan;3;canoe;1
2912;headache;3;yus;1
2913;inconvenience;3;strait;1
2914;fond;3;taser;1
2915;penalty;3;hurting;1
2916;betray;3;stewardess;1
2917;hip;3;cacao;1
2918;shepherd;3;poetis;1
2919;aah;3;pas;1
2920;bark;3;tomuru;1
2921;roman;3;suffering;1
2922;strategy;3;grain;1
2923;instructor;3;frazier;1
2924;georgia;3;daubs;1
2925;homework;3;woodwork;1
2926;cement;3;aaaaaaa;1
2927;machinery;3;brute;1
2928;collect;3;hideaway;1
2929;jumps;3;kelvin;1
2930;firing;3;skytower;1
2931;momma;3;aaaaaah;1
2932;amidst;3;fruit;1
2933;bicep;3;jujitsu;1
2934;backbone;3;passing;1
2935;puncture;3;sshhhhhhhh;1
2936;resistance;3;drain;1
2937;sandman;3;bondage;1
2938;claudia;3;meinhoff;1
2939;someday;3;fungus;1
2940;skotak;3;coordinate;1
2941;capital;3;noah;1
2942;degree;3;violence;1
2943;separation;3;compound;1
2944;confession;3;slime;1
2945;frog;3;extrapolation;1
2946;possession;3;violent;1
2947;infection;3;michio;1
2948;tax;3;kneeling;1
2949;necklace;3;announcement;1
2950;quake;3;retinue;1
2951;choose;3;dipper;1
2952;transmitter;3;pile;1
2953;crikey;3;treatment;1
2954;bentley;3;struck;1
2955;galley;3;denim;1
2956;potty;3;momentum;1
2957;boil;3;genome;1
2958;shelf;3;ruler;1
2959;lucius;3;mow;1
2960;gain;3;dart;1
2961;planning;3;swirl;1
2962;dorothy;3;permanence;1
2963;hyperspace;3;justice;1
2964;lemme;3;defibrillator;1
2965;massacre;3;vague;1
2966;closer;3;towel;1
2967;genius;3;stranger;1
2968;opening;3;clad;1
2969;embarrassment;3;pregnant;1
2970;spoil;3;lightning;1
2971;lifeboat;3;facing;1
2972;grain;3;audience;1
2973;tutor;3;snort;1
2974;mike;3;clay;1
2975;beatrice;3;claw;1
2976;erik;3;obstruct;1
2977;layer;3;twelve;1
2978;mutant;3;harpoon;1
2979;discuss;3;pronounce;1
2980;interrogation;3;competition;1
2981;miami;3;l;1
2982;sequence;3;aaaaaaaaaaaaaa;1
2983;leap;3;eddie;1
2984;locate;3;duration;1
2985;murderer;3;undock;1
2986;carrier;3;dolt;1
2987;bugle;3;explode;1
2988;kidding;3;slice;1
2989;squeeze;3;perverse;1
2990;jenny;3;confirm;1
2991;aggression;2;noon;1
2992;augustine;2;footing;1
2993;yellow;2;slick;1
2994;disturb;2;rougher;1
2995;wooden;2;toad;1
2996;ooof;2;reticuli;1
2997;mirage;2;etatron;1
2998;ruthless;2;heir;1
2999;resilient;2;shirtless;1
3000;herd;2;wheat;1
3001;neutrino;2;raincoat;1
3002;ramstein;2;slaughter;1
3003;nessus;2;broken;1
3004;hereby;2;calmer;1
3005;sweeter;2;sixty;1
3006;flare;2;resurrection;1
3007;artillery;2;giggle;1
3008;edgemar;2;roar;1
3009;absolute;2;yaz;1
3010;gaming;2;oc;1
3011;baggage;2;meal;1
3012;mabel;2;neighbor;1
3013;hidden;2;mixed;1
3014;stalagmite;2;assassin;1
3015;irrrreiyo;2;siddeley;1
3016;crawl;2;op;1
3017;heyyy;2;upwelling;1
3018;runner;2;cowhide;1
3019;escalator;2;brunette;1
3020;concrete;2;determine;1
3021;lumpur;2;stoke;1
3022;grove;2;hoooo;1
3023;reactor;2;strix;1
3024;headline;2;tractor;1
3025;rice;2;stickler;1
3026;piggy;2;loo;1
3027;moron;2;krikor;1
3028;jumpsuit;2;dreaming;1
3029;preserve;2;los;1
3030;souvenir;2;mindless;1
3031;disdain;2;colder;1
3032;heating;2;valley;1
3033;lookin;2;tiffany;1
3034;logic;2;morrison;1
3035;canyon;2;mischief;1
3036;pregnancy;2;groan;1
3037;crying;2;regard;1
3038;spit;2;pitcher;1
3039;chill;2;sore;1
3040;noland;2;cabinet;1
3041;seasickness;2;recoil;1
3042;hyperdrive;2;ahhh;1
3043;ownership;2;mice;1
3044;hag;2;corsa;1
3045;haw;2;buying;1
3046;battlefield;2;handsome;1
3047;olo;2;signori;1
3048;dental;2;crystalline;1
3049;avail;2;djinn;1
3050;actor;2;grasp;1
3051;republic;2;chow;1
3052;sunset;2;taylor;1
3053;intend;2;deer;1
3054;lunge;2;cbs;1
3055;midst;2;britain;1
3056;ballet;2;salem;1
3057;tear;2;hypertension;1
3058;prevent;2;aw;1
3059;boca;2;girlfriend;1
3060;headset;2;cream;1
3061;melt;2;einherjar;1
3062;magnetism;2;selfish;1
3063;cassius;2;hart;1
3064;reclaim;2;antenna;1
3065;prefer;2;rubber;1
3066;wondering;2;cleanup;1
3067;epitaph;2;astronaut;1
3068;titanium;2;grenade;1
3069;pretend;2;earthen;1
3070;awesome;2;weeee;1
3071;parachute;2;aneurism;1
3072;stole;2;congress;1
3073;wheelchair;2;drift;1
3074;dreamland;2;terra;1
3075;maelstrom;2;coverage;1
3076;deity;2;brass;1
3077;celebrate;2;centaurs;1
3078;limbo;2;centerpiece;1
3079;axlerod;2;natalie;1
3080;breakthrough;2;scuds;1
3081;investigation;2;recklessness;1
3082;quite;2;repay;1
3083;disrespect;2;directory;1
3084;recon;2;megatunnel;1
3085;initiate;2;resolution;1
3086;johnstone;2;motel;1
3087;ahhhhhhhh;2;banishment;1
3088;argument;2;represent;1
3089;woah;2;founder;1
3090;sat;2;trophy;1
3091;wink;2;spacecraft;1
3092;buffet;2;cornfield;1
3093;montage;2;welfare;1
3094;salt;2;polarity;1
3095;lotus;2;glimpse;1
3096;vette;2;lining;1
3097;carolina;2;weed;1
3098;assistant;2;ts;1
3099;freezing;2;hablo;1
3100;kilometer;2;haa;1
3101;silty;2;tail;1
3102;aberration;2;defuse;1
3103;supermarket;2;hellooo;1
3104;quack;2;fax;1
3105;overcharge;2;worse;1
3106;twit;2;supercomputer;1
3107;stretch;2;fat;1
3108;revivification;2;lain;1
3109;koon;2;candid;1
3110;brow;2;decide;1
3111;taser;2;ticket;1
3112;otto;2;offline;1
3113;yessir;2;steve;1
3114;cheery;2;benevolent;1
3115;booster;2;celebrity;1
3116;dimension;2;sane;1
3117;clan;2;misconduct;1
3118;intel;2;trio;1
3119;clap;2;colossal;1
3120;mulder;2;chocking;1
3121;lebanon;2;tee;1
3122;bizarre;2;past;1
3123;industry;2;tey;1
3124;apologize;2;invention;1
3125;wade;2;ribbon;1
3126;philadelphia;2;inert;1
3127;hee;2;arrgh;1
3128;hel;2;adjustment;1
3129;outcrop;2;compund;1
3130;displacement;2;crust;1
3131;jerky;2;holy;1
3132;handsome;2;sup;1
3133;ax;2;method;1
3134;congress;2;friday;1
3135;cpu;2;neng;1
3136;th;2;motherfucker;1
3137;te;2;ranger;1
3138;midwest;2;beacon;1
3139;norm;2;endorsement;1
3140;sane;2;iraq;1
3141;quicker;2;legend;1
3142;richard;2;vegetarian;1
3143;nurse;2;shenzou;1
3144;hast;2;spotlight;1
3145;riviera;2;airport;1
3146;vic;2;breakdown;1
3147;vip;2;sweetness;1
3148;select;2;freelance;1
3149;male;2;authorize;1
3150;scav;2;caravan;1
3151;glowing;2;solitude;1
3152;patir;2;cher;1
3153;brig;2;insructor;1
3154;pronto;2;trainee;1
3155;brunette;2;caidwell;1
3156;accelerator;2;countdown;1
3157;scribe;2;feint;1
3158;ernie;2;proceed;1
3159;salute;2;composure;1
3160;jeb;2;tutti;1
3161;forevermore;2;hayride;1
3162;daytona;2;destination;1
3163;annihilation;2;goatmeat;1
3164;cleon;2;automata;1
3165;commotion;2;splash;1
3166;sarge;2;fragrance;1
3167;seize;2;raft;1
3168;freight;2;ballad;1
3169;spineless;2;petersburg;1
3170;columns;2;stigmatism;1
3171;creator;2;eenie;1
3172;jade;2;flap;1
3173;migration;2;protestor;1
3174;moishe;2;resemblance;1
3175;guinea;2;lotsa;1
3176;pickup;2;hardware;1
3177;soulmate;2;include;1
3178;nope;2;middle;1
3179;incident;2;recall;1
3180;interface;2;malt;1
3181;thou;2;ith;1
3182;community;2;dew;1
3183;worthless;2;bur;1
3184;proprietor;2;mall;1
3185;fund;2;trauma;1
3186;racer;2;crude;1
3187;awake;2;ballerina;1
3188;von;2;rodriguez;1
3189;owen;2;accept;1
3190;chasm;2;wallet;1
3191;vanish;2;autumn;1
3192;nickname;2;revelry;1
3193;stack;2;pone;1
3194;input;2;psychoprobe;1
3195;abduct;2;magenta;1
3196;pale;2;axis;1
3197;temple;2;homicide;1
3198;whatcha;2;court;1
3199;agreement;2;jerk;1
3200;atlantis;2;desperation;1
3201;atom;2;needy;1
3202;um;2;ryd;1
3203;mature;2;goad;1
3204;hornet;2;menus;1
3205;supervisor;2;betterment;1
3206;reconcile;2;deja;1
3207;influence;2;bumper;1
3208;chap;2;tracking;1
3209;agh;2;soundtrack;1
3210;walker;2;catalog;1
3211;lust;2;invasion;1
3212;apparatus;2;alps;1
3213;scatter;2;jiang;1
3214;celery;2;orchard;1
3215;theme;2;scavs;1
3216;babe;2;bid;1
3217;shipwreck;2;author;1
3218;zimmer;2;departure;1
3219;coffin;2;jove;1
3220;bend;2;blueshift;1
3221;contraption;2;shore;1
3222;await;2;dmitris;1
3223;manpower;2;dread;1
3224;element;2;shade;1
3225;realizes;2;pleasure;1
3226;alloy;2;maneuver;1
3227;comms;2;nesting;1
3228;warren;2;rhumba;1
3229;hobby;2;pavillion;1
3230;wander;2;administration;1
3231;borderline;2;performance;1
3232;frowns;2;zinkerbell;1
3233;hindus;2;avenue;1
3234;sooey;2;drinking;1
3235;scare;2;stepmother;1
3236;communicator;2;saucy;1
3237;painful;2;flea;1
3238;paani;2;talkin;1
3239;jug;2;bosom;1
3240;accuracy;2;wipe;1
3241;pete;2;absence;1
3242;bret;2;bout;1
3243;decade;2;soccer;1
3244;producer;2;freund;1
3245;ohio;2;motley;1
3246;withstand;2;jihala;1
3247;butts;2;predator;1
3248;strider;2;speechless;1
3249;seaboard;2;moaning;1
3250;ramp;2;misplace;1
3251;cinder;2;milestone;1
3252;cd;2;porto;1
3253;whooaaa;2;huddle;1
3254;atlanta;2;intervene;1
3255;tattoo;2;bless;1
3256;deficiency;2;volleyball;1
3257;retardant;2;friendship;1
3258;negligence;2;exquisite;1
3259;scoundrel;2;mercy;1
3260;taunt;2;neil;1
3261;haul;2;generation;1
3262;onion;2;finish;1
3263;garage;2;connect;1
3264;daylight;2;selfridge;1
3265;flush;2;balance;1
3266;disbelief;2;perry;1
3267;chrome;2;lipstick;1
3268;blackness;2;dusk;1
3269;commitment;2;pigeon;1
3270;compadre;2;lucifer;1
3271;compute;2;avenge;1
3272;harvester;2;cyclone;1
3273;bearing;2;darling;1
3274;weston;2;highway;1
3275;hpu;2;soooh;1
3276;badass;2;bald;1
3277;veil;2;forgive;1
3278;inspiration;2;breckinridge;1
3279;meridas;2;cookie;1
3280;ergo;2;phe;1
3281;geology;2;murmur;1
3282;compassion;2;generate;1
3283;chew;2;definition;1
3284;chef;2;harmsway;1
3285;spunky;2;bartram;1
3286;celebration;2;mommmmmm;1
3287;haha;2;voom;1
3288;reign;2;ckaha;1
3289;rookie;2;goddam;1
3290;pizza;2;bernie;1
3291;arcs;2;flood;1
3292;waitress;2;limestone;1
3293;ambulance;2;probability;1
3294;jabs;2;limerick;1
3295;production;2;valentine;1
3296;crock;2;sympathy;1
3297;cartography;2;sailor;1
3298;flawless;2;xin;1
3299;organize;2;noel;1
3300;chopper;2;breathless;1
3301;toronto;2;introduction;1
3302;guilt;2;least;1
3303;luxury;2;slay;1
3304;transmit;2;identity;1
3305;germany;2;statement;1
3306;radford;2;compartment;1
3307;notion;2;mini;1
3308;lewis;2;selling;1
3309;rebirth;2;blitz;1
3310;implication;2;appreciation;1
3311;gentleman;2;stifle;1
3312;drawn;2;bennett;1
3313;accord;2;carnage;1
3314;ill;2;reflection;1
3315;hummus;2;scheme;1
3316;receiver;2;tunic;1
3317;seizure;2;picturesque;1
3318;tony;2;heathcliff;1
3319;hoist;2;viam;1
3320;physician;2;anticipate;1
3321;cone;2;annihilation;1
3322;perform;2;kow;1
3323;swell;2;grem;1
3324;mechanism;2;charlotte;1
3325;spread;2;outta;1
3326;arab;2;micker;1
3327;barge;2;patriate;1
3328;cape;2;ssssh;1
3329;cooler;2;gasket;1
3330;bore;2;fornuate;1
3331;congratulate;2;sell;1
3332;romanov;2;outbound;1
3333;beating;2;lib;1
3334;peel;2;clutch;1
3335;marketing;2;trance;1
3336;leprechaun;2;lin;1
3337;octopus;2;flaming;1
3338;dilemma;2;freshener;1
3339;wield;2;solve;1
3340;deception;2;serene;1
3341;shhhh;2;macs;1
3342;dead;2;cargo;1
3343;reset;2;reckon;1
3344;hotter;2;chart;1
3345;expertise;2;alpha;1
3346;ketch;2;refrigerator;1
3347;diplomacy;2;sauerkraut;1
3348;deluca;2;bumping;1
3349;liability;2;doggie;1
3350;diarrhoea;2;nail;1
3351;astrophysicist;2;barrel;1
3352;gawp;2;hyper;1
3353;fragil;2;phenomenon;1
3354;confrontation;2;comand;1
3355;headstone;2;tranquilizer;1
3356;live;2;hillside;1
3357;chin;2;drawer;1
3358;pocus;2;howls;1
3359;economy;2;occupation;1
3360;product;2;impact;1
3361;grandson;2;sayin;1
3362;whenever;2;stubbornness;1
3363;haircut;2;grotesque;1
3364;atonement;2;sacrilege;1
3365;bombs;2;pretty;1
3366;norad;2;darwin;1
3367;ee;2;boulder;1
3368;ed;2;shepherd;1
3369;ew;2;counterpoint;1
3370;er;2;mower;1
3371;irony;2;consecration;1
3372;suleiman;2;batter;1
3373;argh;2;commiserate;1
3374;rebel;2;distraction;1
3375;obligation;2;bedlam;1
3376;promotion;2;thoth;1
3377;blind;2;ahhhhh;1
3378;joseph;2;vincent;1
3379;loverboy;2;scenery;1
3380;slam;2;seventeen;1
3381;prick;2;throwing;1
3382;fore;2;tarps;1
3383;sidekick;2;sex;1
3384;truly;2;laurel;1
3385;stroll;2;sen;1
3386;sonar;2;wop;1
3387;famine;2;plywood;1
3388;import;2;stalk;1
3389;porsche;2;cutout;1
3390;rubs;2;corruption;1
3391;hydrology;2;spun;1
3392;medic;2;outfit;1
3393;sotto;2;scusatemi;1
3394;puff;2;interrogate;1
3395;burrito;2;bandit;1
3396;noah;2;intercept;1
3397;improvement;2;buzz;1
3398;baloney;2;amistake;1
3399;momentum;2;afar;1
3400;execution;2;messiah;1
3401;capability;2;volcanic;1
3402;wheat;2;distress;1
3403;innocence;2;battery;1
3404;chow;2;sweep;1
3405;assassin;2;coincidence;1
3406;bedtime;2;dancer;1
3407;loo;2;spotting;1
3408;los;2;vessel;1
3409;aelius;2;ambush;1
3410;dorado;2;zeta;1
3411;cottage;2;hapgood;1
3412;fraud;2;duh;1
3413;circulation;2;complication;1
3414;scanner;2;kendathu;1
3415;corps;2;bunnymund;1
3416;sustain;2;curve;1
3417;vu;2;dug;1
3418;conscience;2;whoo;1
3419;duloc;2;brick;1
3420;whine;2;benson;1
3421;advertising;2;astonishment;1
3422;microbus;2;imam;1
3423;aaahhh;2;affectionate;1
3424;grill;2;loony;1
3425;magenta;2;champion;1
3426;rude;2;caleb;1
3427;sneak;2;precision;1
3428;auburn;2;realms;1
3429;helm;2;demand;1
3430;hendrix;2;haystack;1
3431;vomit;2;pact;1
3432;slicker;2;earl;1
3433;quantum;2;bill;1
3434;dunk;2;tolerate;1
3435;dune;2;admire;1
3436;dire;2;barricade;1
3437;caption;2;smart;1
3438;probability;2;guide;1
3439;rawr;2;swim;1
3440;grem;2;pound;1
3441;concentration;2;century;1
3442;karl;2;antithesis;1
3443;lil;2;rip;1
3444;lip;2;rooftop;1
3445;mobile;2;mox;1
3446;phenomenon;2;staring;1
3447;booze;2;owes;1
3448;paranoia;2;chauffeur;1
3449;pretty;2;decor;1
3450;aqueduct;2;churn;1
3451;woo;2;yaaaaaaaaay;1
3452;cuff;2;earn;1
3453;zipper;2;grant;1
3454;blueness;2;mint;1
3455;dialogue;2;belong;1
3456;wet;2;tantalum;1
3457;loop;2;makeshift;1
3458;grant;2;development;1
3459;composition;2;pwtshall;1
3460;fatty;2;cursing;1
3461;bonus;2;gallery;1
3462;grind;2;negotiate;1
3463;ambassador;2;database;1
3464;shakusky;2;leapt;1
3465;havin;2;vitraya;1
3466;mamaji;2;spent;1
3467;pierre;2;spend;1
3468;franco;2;darn;1
3469;seeing;2;ambassador;1
3470;carlton;2;listening;1
3471;alison;2;pater;1
3472;douse;2;ceo;1
3473;heritage;2;salve;1
3474;specialty;2;cus;1
3475;sick;2;goblet;1
3476;gargantua;2;tablet;1
3477;application;2;scenario;1
3478;naw;2;admission;1
3479;draw;2;cue;1
3480;jalapeno;2;labs;1
3481;proposition;2;easter;1
3482;barbecue;2;transformation;1
3483;arrogance;2;freefall;1
3484;shack;2;marco;1
3485;michael;2;march;1
3486;picket;2;sleeper;1
3487;download;2;bureaucrat;1
3488;galleon;2;coupla;1
3489;airspace;2;paragon;1
3490;manipulate;2;judgement;1
3491;metaphor;2;jibe;1
3492;salad;2;blackjack;1
3493;crevasse;2;fortune;1
3494;halloween;2;buddy;1
3495;publicity;2;translucent;1
3496;fare;2;outright;1
3497;hid;2;exactement;1
3498;blake;2;particle;1
3499;broom;2;krav;1
3500;mode;2;governess;1
3501;oughta;2;chow;1
3502;mac;2;ivan;1
3503;timer;2;parade;1
3504;aviator;2;magnificent;1
3505;viktor;2;starship;1
3506;feint;2;understood;1
3507;manipulation;2;saucer;1
3508;fuzzy;2;einstein;1
3509;tabs;2;jitterbug;1
3510;screw;2;igkkkkk;1
3511;nimziki;2;providence;1
3512;mileage;2;sermon;1
3513;aww;2;innovation;1
3514;businessman;2;prof;1
3515;envy;2;ape;1
3516;winner;2;temple;1
3517;employer;2;gremlin;1
3518;joint;2;cameraman;1
3519;endless;2;ufo;1
3520;contain;2;bartender;1
3521;shh;2;processing;1
3522;desperate;2;confidence;1
3523;jarhead;2;stew;1
3524;magi;2;chick;1
3525;sorell;2;article;1
3526;trova;2;raspberry;1
3527;slowly;2;crone;1
3528;expenditure;2;yawn;1
3529;smoking;2;birnbaum;1
3530;underground;2;plaza;1
3531;distant;2;mace;1
3532;laurel;2;shareholder;1
3533;skill;2;repair;1
3534;density;2;garbage;1
3535;indignation;2;fredericksburg;1
3536;livin;2;momma;1
3537;boooomm;2;holster;1
3538;burden;2;coil;1
3539;shep;2;dwayne;1
3540;mutation;2;lifeboat;1
3541;goatee;2;spending;1
3542;expansion;2;jetpack;1
3543;refuge;2;witchcraft;1
3544;sinister;2;custom;1
3545;washington;2;tesla;1
3546;faceplate;2;manufacture;1
3547;badmouth;2;cab;1
3548;dmv;2;harem;1
3549;penny;2;plunge;1
3550;meteor;2;cruelty;1
3551;stat;2;invite;1
3552;atomizer;2;gimmee;1
3553;appoint;2;slump;1
3554;persistent;2;aqz;1
3555;portion;2;authority;1
3556;protest;2;switchboard;1
3557;sherlock;2;outpost;1
3558;delancey;2;observation;1
3559;met;2;patriot;1
3560;leland;2;swagger;1
3561;recommend;2;wilya;1
3562;warp;2;peppermint;1
3563;frenzy;2;erica;1
3564;adult;2;amongst;1
3565;setup;2;aversion;1
3566;root;2;reveille;1
3567;vodka;2;bell;1
3568;punk;2;possession;1
3569;nightvision;2;bind;1
3570;stupidity;2;strand;1
3571;aboard;2;esco;1
3572;briefcase;2;scavenging;1
3573;curiosity;2;haw;1
3574;purchase;2;warning;1
3575;maintain;2;curb;1
3576;operate;2;troublemaker;1
3577;windshield;2;yearbook;1
3578;singularity;2;cultivate;1
3579;calmly;2;cotton;1
3580;content;2;truce;1
3581;reader;2;taro;1
3582;turning;2;parlor;1
3583;bestow;2;income;1
3584;mistress;2;tarp;1
3585;fuckin;2;manhattan;1
3586;naughty;2;nice;1
3587;payload;2;mismatch;1
3588;dreamwalker;2;kansas;1
3589;anxiety;2;flyboy;1
3590;preparation;2;reservation;1
3591;hallucination;2;au;1
3592;rattle;2;chocolate;1
3593;seed;2;gatehouse;1
3594;horde;2;monstrat;1
3595;translator;2;disbelief;1
3596;formaldehyde;2;alongside;1
3597;hunger;2;summit;1
3598;visitor;2;ashton;1
3599;brimstone;2;code;1
3600;grissom;2;paw;1
3601;wearing;2;scratch;1
3602;einherjar;2;totem;1
3603;subject;2;haaaappppyyyyyyy;1
3604;motto;2;windy;1
3605;sophie;2;infatuation;1
3606;conglomerate;2;disposal;1
3607;contribution;2;floss;1
3608;fillmore;2;send;1
3609;height;2;arrogance;1
3610;hygiene;2;shack;1
3611;tiny;2;enlightenment;1
3612;suppress;2;grimly;1
3613;sunshine;2;abode;1
3614;allez;2;confirmation;1
3615;lionel;2;dessert;1
3616;lizard;2;happend;1
3617;reconnaissance;2;wave;1
3618;spawn;2;llama;1
3619;cane;2;spook;1
3620;bobblehead;2;llamo;1
3621;iv;2;artery;1
3622;im;2;surgeon;1
3623;jest;2;stasi;1
3624;id;2;arrange;1
3625;abscess;2;cherie;1
3626;sentence;2;michael;1
3627;psych;2;pancake;1
3628;assassination;2;tenderness;1
3629;contestant;2;igkkkkkk;1
3630;deaf;2;verdict;1
3631;aggravation;2;transmutation;1
3632;plot;2;gauge;1
3633;cottontail;2;silberman;1
3634;beta;2;joey;1
3635;commit;2;picket;1
3636;locator;2;bleeding;1
3637;tennis;2;interview;1
3638;jealousy;2;queer;1
3639;marauder;2;wrestling;1
3640;starve;2;mishap;1
3641;penney;2;noise;1
3642;analyst;2;booth;1
3643;propaganda;2;pajamas;1
3644;felt;2;muffy;1
3645;teeth;2;waitress;1
3646;anticipation;2;chicago;1
3647;technique;2;colonel;1
3648;disgusting;2;rotten;1
3649;patrolman;2;darkroom;1
3650;dim;2;attire;1
3651;item;2;strewn;1
3652;dis;2;punch;1
3653;jumpy;2;nonexistent;1
3654;buncha;2;quell;1
3655;suspect;2;separation;1
3656;shoo;2;viewfinder;1
3657;superstition;2;sexy;1
3658;suggestion;2;galleon;1
3659;priceless;2;triage;1
3660;bog;2;leavenworth;1
3661;teenage;2;scatter;1
3662;treasure;2;paranoid;1
3663;thru;2;behead;1
3664;satnam;2;honor;1
3665;ooo;2;fulfill;1
3666;gladstone;2;complying;1
3667;council;2;throwback;1
3668;whirls;2;wharf;1
3669;dennis;2;bust;1
3670;chemical;2;motor;1
3671;sunday;2;duck;1
3672;membership;2;limb;1
3673;serge;2;ramunong;1
3674;cute;2;singing;1
3675;peterson;2;froe;1
3676;bein;2;capri;1
3677;killer;2;examination;1
3678;shatter;2;refuge;1
3679;anteroom;2;timing;1
3680;resignation;2;dash;1
3681;hijack;2;clever;1
3682;cough;2;charming;1
3683;orb;2;finery;1
3684;milburn;2;rabbit;1
3685;advance;2;pug;1
3686;waiter;2;inexperience;1
3687;specificity;2;challenge;1
3688;speaking;2;polynesia;1
3689;anus;2;hedda;1
3690;browning;2;peanut;1
3691;theatre;2;closing;1
3692;insanity;2;dissolve;1
3693;assault;2;weaker;1
3694;woooo;2;patron;1
3695;shoe;2;geez;1
3696;procreation;2;flaring;1
3697;telekinesis;2;tax;1
3698;colossus;2;high;1
3699;revoir;2;villain;1
3700;infrastructure;2;skirt;1
3701;august;2;contempt;1
3702;tut;2;lamb;1
3703;disappointment;2;sip;1
3704;kegger;2;democracy;1
3705;judging;2;destroying;1
3706;mary;2;ribs;1
3707;shopping;2;tableau;1
3708;declaration;2;occur;1
3709;gadge;2;delay;1
3710;ignition;2;aluminum;1
3711;bathe;2;mangia;1
3712;pat;2;hafta;1
3713;woodland;2;sim;1
3714;pan;2;stock;1
3715;roommate;2;profile;1
3716;aspect;2;tension;1
3717;grid;2;aaaaaaaaa;1
3718;grim;2;roam;1
3719;confirm;2;canker;1
3720;outa;2;wrist;1
3721;lunar;2;solidarity;1
3722;broken;2;tomato;1
3723;opium;2;geek;1
3724;strix;2;manpower;1
3725;spicy;2;budge;1
3726;enough;2;schoolchild;1
3727;deer;2;flask;1
3728;stardate;2;addiction;1
3729;fill;2;discussion;1
3730;cleanup;2;teylu;1
3731;princessa;2;galveston;1
3732;tackle;2;violator;1
3733;pyre;2;producer;1
3734;recklessness;2;damsel;1
3735;boogeyman;2;cadet;1
3736;liar;2;costume;1
3737;celebrity;2;cruise;1
3738;carcass;2;galaxy;1
3739;stool;2;underwater;1
3740;trinket;2;inlet;1
3741;coroner;2;undress;1
3742;strewn;2;labor;1
3743;margin;2;doll;1
3744;scurry;2;lt;1
3745;misery;2;hobby;1
3746;extinction;2;holiday;1
3747;megaphone;2;dae;1
3748;renee;2;morgen;1
3749;lander;2;dam;1
3750;strain;2;mokri;1
3751;raaar;2;flew;1
3752;hamburger;2;dat;1
3753;collision;2;hannik;1
3754;filter;2;raaaarrrr;1
3755;deserter;2;rotation;1
3756;eytukan;2;hannic;1
3757;coal;2;investor;1
3758;suffer;2;thrill;1
3759;mystery;2;profound;1
3760;porto;2;undertaking;1
3761;print;2;university;1
3762;cockroach;2;peking;1
3763;difficulty;2;shortage;1
3764;copper;2;kosmo;1
3765;wager;2;lung;1
3766;divorce;2;biehn;1
3767;believe;2;tray;1
3768;carnage;2;depression;1
3769;martini;2;shenzhou;1
3770;swerve;2;homeless;1
3771;province;2;hmph;1
3772;flute;2;bump;1
3773;refrigerator;2;density;1
3774;weigh;2;globe;1
3775;hopper;2;apologize;1
3776;theft;2;kobayashi;1
3777;merchandise;2;calibrate;1
3778;tender;2;pivot;1
3779;expert;2;salesman;1
3780;distraught;2;mat;1
3781;champagne;2;rez;1
3782;minus;2;perfume;1
3783;gypsy;2;repress;1
3784;attire;2;ricochet;1
3785;realms;2;ceylon;1
3786;pierce;2;evacuation;1
3787;tolerate;2;okey;1
3788;klasno;2;intervention;1
3789;cluster;2;clone;1
3790;neutron;2;ree;1
3791;development;2;bubbly;1
3792;stripe;2;wallpaper;1
3793;parfait;2;pours;1
3794;glove;2;yort;1
3795;varvak;2;payroll;1
3796;clack;2;greedy;1
3797;recognition;2;projectile;1
3798;rinse;2;babcock;1
3799;dessert;2;oblivion;1
3800;depression;2;advisor;1
3801;clipboard;2;embarrass;1
3802;sino;2;fallout;1
3803;talent;2;log;1
3804;cha;2;turkienistan;1
3805;chi;2;buenos;1
3806;cho;2;route;1
3807;gabriel;2;atenuk;1
3808;democracy;2;mortal;1
3809;incompetence;2;south;1
3810;galveston;2;sew;1
3811;marsh;2;windsock;1
3812;gorgoneion;2;steed;1
3813;kindness;2;reference;1
3814;activate;2;festival;1
3815;announcer;2;galley;1
3816;stub;2;spacesuit;1
3817;que;2;ankle;1
3818;bowman;2;apology;1
3819;transducer;2;scullery;1
3820;rache;2;spaceship;1
3821;demonstration;2;katar;1
3822;reordon;2;feastavich;1
3823;payment;2;gear;1
3824;occasion;2;shelf;1
3825;selection;2;motorcycle;1
3826;scorpion;2;stress;1
3827;photographs;2;motionless;1
3828;puddle;2;vas;1
3829;intensity;2;bythe;1
3830;walking;2;shariff;1
3831;routine;2;commence;1
3832;sorrow;2;bulb;1
3833;janek;2;photograph;1
3834;reborn;2;warfare;1
3835;swimmer;2;electroshock;1
3836;attendant;2;roulette;1
3837;anomaly;2;isolation;1
3838;fellow;2;bother;1
3839;volunteer;2;townie;1
3840;appearance;2;bee;1
3841;tarsus;2;calamity;1
3842;proximo;2;firework;1
3843;hare;2;anytime;1
3844;reporting;2;lovey;1
3845;proximity;2;broadway;1
3846;executive;2;thistle;1
3847;sedan;2;villainy;1
3848;ravel;2;sire;1
3849;mcintire;2;portrait;1
3850;whoaaaa;2;repeater;1
3851;heel;2;afraid;1
3852;shrug;2;mio;1
3853;turkmenistan;2;mig;1
3854;discretion;2;nefario;1
3855;noisy;2;asshole;1
3856;biehn;2;mongrel;1
3857;socket;2;persistence;1
3858;stephenson;2;toughest;1
3859;female;2;wha;1
3860;chunk;2;deploy;1
3861;repeater;2;aww;1
3862;bum;2;mmmffllmmm;1
3863;bub;2;tripod;1
3864;yelp;2;representation;1
3865;hiker;2;prisoner;1
3866;wryly;2;awe;1
3867;gatekeeper;2;realtor;1
3868;okey;2;placement;1
3869;bicycle;2;radiating;1
3870;ramsbottom;2;yeehaaa;1
3871;philippa;2;gather;1
3872;stevie;2;thanksgiving;1
3873;tadesko;2;cartrip;1
3874;pollito;2;deactivate;1
3875;excellent;2;diagnostics;1
3876;rangoon;2;impression;1
3877;mayhem;2;henry;1
3878;description;2;thankless;1
3879;harley;2;schimmel;1
3880;writing;2;thicket;1
3881;narkadine;2;rectum;1
3882;driving;2;decade;1
3883;independence;2;staff;1
3884;perception;2;envy;1
3885;associate;2;ear;1
3886;heck;2;tire;1
3887;hopeless;2;jaw;1
3888;fantasy;2;winner;1
3889;mercury;2;madman;1
3890;toy;2;bien;1
3891;prego;2;brighter;1
3892;scenario;2;foreknowledge;1
3893;rolex;2;humankind;1
3894;snow;2;halfwit;1
3895;client;2;b;1
3896;rider;2;ridgeline;1
3897;cumulo;2;handle;1
3898;milkman;2;exaltation;1
3899;audition;2;grungy;1
3900;jean;2;yelps;1
3901;freeway;2;bean;1
3902;bait;2;perfection;1
3903;bail;2;champ;1
3904;adoration;2;abinea;1
3905;carbine;2;workin;1
3906;czech;2;gorgon;1
3907;erasure;2;gras;1
3908;fluid;2;summon;1
3909;wedding;2;palotti;1
3910;noon;2;predatory;1
3911;boring;2;cepan;1
3912;pummel;2;official;1
3913;combustion;2;sensuality;1
3914;capacity;2;orphan;1
3915;firework;2;shaan;1
3916;beet;2;freeze;1
3917;suggest;2;aaaaaaaaaaa;1
3918;inventory;2;scroll;1
3919;carbonizer;2;violet;1
3920;portal;2;cryostasis;1
3921;tyson;2;senator;1
3922;cycle;2;jarhead;1
3923;alabama;2;slung;1
3924;picasso;2;rags;1
3925;makeover;2;nebula;1
3926;teenager;2;carapace;1
3927;burnt;2;pistol;1
3928;apart;2;sabotage;1
3929;brutality;2;bought;1
3930;zook;2;tore;1
3931;jennifer;2;sole;1
3932;sponge;2;opening;1
3933;malaysia;2;importance;1
3934;doorstep;2;deliver;1
3935;cnn;2;antechamber;1
3936;mosquito;2;maga;1
3937;plug;2;mailbox;1
3938;aha;2;memento;1
3939;transform;2;thumb;1
3940;anderson;2;buster;1
3941;medium;2;spray;1
3942;heal;2;confab;1
3943;deny;2;affection;1
3944;coach;2;swallow;1
3945;eyctan;2;chinese;1
3946;roz;2;torn;1
3947;cook;2;omaticaya;1
3948;hospitality;2;corpuscular;1
3949;prey;2;walt;1
3950;dismay;2;batch;1
3951;meathead;2;gong;1
3952;luigi;2;cousin;1
3953;streak;2;clash;1
3954;counting;2;withdrawn;1
3955;inheritance;2;cu;1
3956;gingerbread;2;citizenship;1
3957;classroom;2;poem;1
3958;inform;2;deliberation;1
3959;extractor;2;exposure;1
3960;courthouse;2;trajectory;1
3961;opera;2;trademark;1
3962;clutch;2;immortality;1
3963;academy;2;tutor;1
3964;synchronize;2;treat;1
3965;realise;2;dumbass;1
3966;farewell;2;poet;1
3967;sunrise;2;inbound;1
3968;eywa;2;bulk;1
3969;booby;2;redhead;1
3970;swing;2;fellow;1
3971;turd;2;spain;1
3972;childhood;2;novel;1
3973;origin;2;londinium;1
3974;malacca;2;planetarium;1
3975;district;2;dodge;1
3976;require;2;pottinger;1
3977;silhouette;2;appearance;1
3978;animation;2;examine;1
3979;slope;2;wild;1
3980;convoy;2;intranet;1
3981;percy;2;mythology;1
3982;tock;2;gungnir;1
3983;importance;2;file;1
3984;guitar;2;vi;1
3985;coma;2;sustenance;1
3986;whitworth;2;lust;1
3987;pow;2;hogun;1
3988;polo;2;vu;1
3989;turkey;2;inspector;1
3990;worcestershire;2;thud;1
3991;padlock;2;whore;1
3992;author;2;finance;1
3993;canister;2;cohort;1
3994;weep;2;mutat;1
3995;achaea;2;pit;1
3996;skipper;2;begat;1
3997;telemetry;2;strange;1
3998;virginia;2;disciple;1
3999;bracelet;2;absorb;1
4000;douchebag;2;phd;1
4001;slick;2;unh;1
4002;stopa;2;breech;1
4003;o2;2;student;1
4004;shrimp;2;poultry;1
4005;oy;2;well;1
4006;discharge;2;antonio;1
4007;babushka;2;jarat;1
4008;valley;2;interpol;1
4009;mischief;2;bucko;1
4010;acer;2;audio;1
4011;midair;2;depressurizing;1
4012;embolism;2;roarrrr;1
4013;spacecraft;2;rocket;1
4014;infestation;2;boot;1
4015;polarity;2;romulan;1
4016;glimpse;2;crier;1
4017;catastrophe;2;abas;1
4018;worse;2;fishing;1
4019;sony;2;casper;1
4020;tee;2;biologist;1
4021;overload;2;glue;1
4022;womb;2;coordination;1
4023;wild;2;consume;1
4024;thup;2;begin;1
4025;brown;2;disturbance;1
4026;goal;2;aaahhhhhh;1
4027;ordinance;2;simple;1
4028;breaking;2;voila;1
4029;vlad;2;deladier;1
4030;sandwich;2;morgue;1
4031;catalog;2;possess;1
4032;mattress;2;ravel;1
4033;hunter;2;canter;1
4034;suffice;2;fati;1
4035;malfunction;2;crud;1
4036;hawaii;2;podunk;1
4037;selfridge;2;royalty;1
4038;hilt;2;doyle;1
4039;cookie;2;presume;1
4040;reconfigure;2;turbulence;1
4041;fallen;2;success;1
4042;swarm;2;roughneck;1
4043;throttle;2;ostia;1
4044;double;2;kirov;1
4045;instruction;2;garage;1
4046;architect;2;pangle;1
4047;claudius;2;rinky;1
4048;howls;2;page;1
4049;firewood;2;amendment;1
4050;whistle;2;hapsburg;1
4051;investigate;2;glare;1
4052;catharsis;2;tumble;1
4053;precaution;2;feast;1
4054;distress;2;hail;1
4055;weasel;2;warmer;1
4056;decline;2;choosing;1
4057;duo;2;empire;1
4058;dud;2;recognition;1
4059;chandler;2;isagura;1
4060;sending;2;fedex;1
4061;restraint;2;campfire;1
4062;cheek;2;mutation;1
4063;lexus;2;moirai;1
4064;yetis;2;murdock;1
4065;plateau;2;mode;1
4066;manatee;2;blowing;1
4067;understood;2;obey;1
4068;clown;2;beatbox;1
4069;anna;2;expansion;1
4070;consolation;2;hurls;1
4071;gamma;2;host;1
4072;curtsy;2;expire;1
4073;isabela;2;benefit;1
4074;chauncey;2;hobbscap;1
4075;crank;2;simpler;1
4076;supercool;2;quarter;1
4077;individuality;2;lifestyle;1
4078;endurance;2;column;1
4079;income;2;foil;1
4080;mustard;2;flake;1
4081;nasa;2;swear;1
4082;nash;2;tomb;1
4083;floss;2;bucktooth;1
4084;snipey;2;bugle;1
4085;rag;2;alliance;1
4086;spoon;2;dulcet;1
4087;spook;2;sharpness;1
4088;compai;2;weather;1
4089;cam;2;brush;1
4090;pickle;2;female;1
4091;deputy;2;utility;1
4092;lottery;2;jing;1
4093;weyland;2;impatience;1
4094;connie;2;platoon;1
4095;thwack;2;owwwwwwwww;1
4096;saddle;2;tsahik;1
4097;thirsty;2;proprietor;1
4098;slovo;2;kidding;1
4099;sid;2;intention;1
4100;cupboard;2;squeal;1
4101;discomfort;2;function;1
4102;wrist;2;funnel;1
4103;batter;2;buy;1
4104;knothole;2;enchantment;1
4105;crowds;2;coke;1
4106;ipod;2;hq;1
4107;comrade;2;faceplate;1
4108;july;2;memphis;1
4109;dusty;2;glory;1
4110;splatter;2;tente;1
4111;mogul;2;j;1
4112;sincerity;2;chaperone;1
4113;petrov;2;zulu1;1
4114;dent;2;havin;1
4115;redgick;2;wager;1
4116;debate;2;bearing;1
4117;piano;2;piken;1
4118;counsellor;2;firepower;1
4119;penetrate;2;recognize;1
4120;knowing;2;beetle;1
4121;module;2;twist;1
4122;limit;2;inn;1
4123;rusty;2;fencing;1
4124;bbq;2;illinois;1
4125;repetition;2;ledge;1
4126;painter;2;u;1
4127;encouragement;2;illusion;1
4128;thud;2;ponytail;1
4129;grandeur;2;conclusion;1
4130;rongloa;2;fodder;1
4131;gutter;2;zheng;1
4132;breaker;2;traumatic;1
4133;happiness;2;pendulum;1
4134;console;2;kinda;1
4135;ski;2;stan;1
4136;knob;2;container;1
4137;myth;2;pestilence;1
4138;masquerade;2;stunt;1
4139;employment;2;fund;1
4140;trout;2;rotting;1
4141;ripper;2;pr;1
4142;pasta;2;gruffly;1
4143;shipping;2;fucker;1
4144;strangeness;2;diagnosis;1
4145;registration;2;awake;1
4146;squeal;2;publicist;1
4147;rickety;2;confess;1
4148;meaningless;2;cleaning;1
